М-1/Е 30;r78041;Брэст (Казловічы) — Мінск — мяжа Расійскай Федэрацыі (Рэдзькі);Брест (Козловичи) — Минск — граница Российской Федерации (Редьки);'name:ru' не супадае з назвай у Законе
М-2;r159001;Мінск — Нацыянальны аэрапорт Мінск;Минск — Национальный аэропорт Минск;'name:ru' не супадае з назвай у Законе
М-3;r164796;Мінск — Віцебск;Минск — Витебск;'name:ru' не супадае з назвай у Законе
М-4;r164800;Мінск — Магілёў;Минск — Могилёв;'name:ru' не супадае з назвай у Законе
М-5/Е 271;r165064;Мінск — Гомель;Минск — Гомель;'name:ru' не супадае з назвай у Законе
М-6/Е 28;r158244;Мінск — Гродна — мяжа Рэспублікі Польшча (Брузгі);Минск — Гродно — граница Республики Польша (Брузги);'name:ru' не супадае з назвай у Законе
М-6/П 5;r1060331;Пад'езд да горада Гродна ад аўтамабільнай дарогі М-6/Е 28 (км 262,3);Подъезд к городу Гродно от автомобильной дороги М-6/Е 28 (км 262,3);'official_ref' не адпавядае 'ref'|'name:ru' не супадае з назвай у Законе
М-7/Е 28;r164792;Мінск — Ашмяны — мяжа Літоўскай Рэспублікі (Каменны Лог);Минск — Ошмяны — граница Литовской Республики (Каменный Лог);'name:ru' не супадае з назвай у Законе
М-8/Е 95;r214493;Мяжа Расійскай Федэрацыі (Езярышча) — Віцебск — Гомель — мяжа Украіны (Новая Гута);Граница Российской Федерации (Езерище) — Витебск — Гомель — граница Украины (Новая Гута);'name:ru' не супадае з назвай у Законе
М-10;r1245488;Мяжа Расійскай Федэрацыі (Селішча) — Гомель — Кобрын;Граница Российской Федерации (Селище) — Гомель — Кобрин;'name:ru' не супадае з назвай у Законе
М-11/Е 85;r2622268;Мяжа Літоўскай Рэспублікі (Беняконі) — Ліда — Слонім — Быцень;Граница Литовской Республики (Бенякони) — Лида — Слоним — Бытень;'name:ru' не супадае з назвай у Законе
М-12/Е 85;r1273235;Кобрын — мяжа Украіны (Макраны);Кобрин — граница Украины (Мокраны);'name:ru' не супадае з назвай у Законе
Р-1;r2569928;Мінск — Дзяржынск;Минск — Дзержинск;'ref' не пачынаецца з 'Р'|'name:ru' не супадае з назвай у Законе
Р-2/Е 85;r903897;Стоўбцы — Івацэвічы — Кобрын;Столбцы — Ивацевичи — Кобрин;'name:ru' не супадае з назвай у Законе
Р-3;r2793958;Лагойск — Зэмбін — Глыбокае — мяжа Латвійскай Рэспублікі (Урбаны);Логойск — Зембин — Глубокое — граница Латвийской Республики (Урбаны);'name:ru' не супадае з назвай у Законе
Р-4;r2786077;Баранавічы — Ляхавічы (да аўтамабільнай дарогі Р43);Барановичи — Ляховичи (до автомобильной дороги Р43);'name:ru' не супадае з назвай у Законе
Р-5;r189525;Баранавічы — Навагрудак — Іўе;Барановичи — Новогрудок — Ивье;'name:ru' не супадае з назвай у Законе
Р-6;r1131871;Івацэвічы — Пінск — Столін;Ивацевичи — Пинск — Столин;'name:ru' не супадае з назвай у Законе
Р-7;r1695183;Камянец - Жабінка - Федзькавічы.;Каменец — Жабинка — Федьковичи;'name:ru' не супадае з назвай у Законе
Р-8;r2786087;Лунінец — Пінск;Лунинец — Пинск;'name:ru' не супадае з назвай у Законе
Р-9;r2648213;Высокае - Воўчын - мяжа Рэспублікі Польшча;Высокое — Волчин — граница Республики Польша;'name:ru' не супадае з назвай у Законе
Р-10;r2648202;Любча — Навагрудак — Дзятлава;Любча — Новогрудок — Дятлово;'name:ru' не супадае з назвай у Законе
Р-11;r2725767;Парэчаны (ад аўтамабільнай дарогі М6) — Навагрудак — Нясвіж;Поречаны (от автомобильной дороги М6) — Новогрудок — Несвиж;'name:ru' не супадае з назвай у Законе
Р-12;r2786089;Нясвіж — Клецк;Несвиж — Клецк;'name:ru' не супадае з назвай у Законе
Р-13;r2786085;Клецк — Сіняўка — Ганцавічы — Лунінец;Клецк — Синявка — Ганцевичи — Лунинец;'name:ru' не супадае з назвай у Законе
Р-14;r1250546;Полацк — Мёры — Браслаў;Полоцк — Миоры — Браслав;'name:ru' не супадае з назвай у Законе
Р-15;r1246647;Крычаў — Ворша — Лепель пад'езд да г. Горкі;Кричев — Орша — Лепель подъезд к г. Горки;'name:ru' не супадае з назвай у Законе
Р-16;r2783537;Цюхінічы - Высокае - мяжа Рэспублікі Польшча (Пясчатка);Тюхиничи — Высокое — граница Республики Польша (Песчатка);'name:ru' не супадае з назвай у Законе
Р-17;r1273158;Брэст — мяжа Украіны (Олтуш);Брест — граница Украины (Олтуш);'name:ru' не супадае з назвай у Законе
Р-18;r2798207;Мяжа Расійскай Федэрацыі (Кастрова) — Верхнядзвінск — Шаркаўшчына — Казяны;Граница Российской Федерации (Кострово) — Верхнедвинск — Шарковщина — Козяны;'name:ru' не супадае з назвай у Законе
Р-19;r2790181;Талачын — Крупкі;Толочин — Крупки;'name:ru' не супадае з назвай у Законе
Р-20;r1245464;Віцебск — Полацк — мяжа Латвійскай Рэспублікі (Грыгораўшчына);Витебск — Полоцк — граница Латвийской Республики (Григоровщина);'name:ru' не супадае з назвай у Законе
Р-21;r1244847;Віцебск — мяжа Расійскай Федэрацыі (Лёзна);Витебск — граница Российской Федерации (Лиозно);'name:ru' не супадае з назвай у Законе
Р-22;r2792023;Ворша — Дуброўна — да аўтамабільнай дарогі М-1 (Буда);Орша — Дубровно — до автомобильной дороги М-1 (Буда);'name:ru' не супадае з назвай у Законе
Р-23;r176487;Мінск — Мікашэвічы;Минск — Микашевичи;'name:ru' не супадае з назвай у Законе
Р-24;r1250509;Полацк — Расоны;Полоцк — Россоны;'name:ru' не супадае з назвай у Законе
Р-25;r1245159;Віцебск — Сянно — Талачын;Витебск — Сенно — Толочин;'name:ru' не супадае з назвай у Законе
Р-26;r2790180;Талачын — Круглае — Нежкава;Толочин — Круглое — Нежково;'name:ru' не супадае з назвай у Законе
Р-27;r2796635;Браслаў — Паставы — Мядзел;Браслав — Поставы — Мядель;'name:ru' не супадае з назвай у Законе
Р-28;r1749252;Мінск — Маладзечна — Нарач;Минск — Молодечно — Нарочь;'name:ru' не супадае з назвай у Законе
Р-30;r2789931;Гомель — Ветка — Чачэрск — Ямнае;Гомель — Ветка — Чечерск — Ямное;'name:ru' не супадае з назвай у Законе
Р-31;r2648005;Бабруйск - Мазыр - мяжа Украіны (Новая Рудня);Бобруйск — Мозырь — граница Украины (Новая Рудня);'name:ru' не супадае з назвай у Законе
Р-32;r2647990;Рэчыца — Лоеў;Речица — Лоев;'name:ru' не супадае з назвай у Законе
Р-34;r2789720;Асіповічы — Глуск — Азарычы;Осиповичи — Глуск — Озаричи;'name:ru' не супадае з назвай у Законе
Р-35;r2647988;Калінкавічы — Брагін — Камарын — мяжа Украіны (Камарын);Калинковичи — Брагин — Комарин — граница Украины (Комарин);'name:ru' не супадае з назвай у Законе
Р-36;r2648043;Мазыр — Лельчыцы — Мілашавічы — мяжа Украіны (Глушкевічы);Мозырь — Лельчицы — Милошевичи — граница Украины (Глушкевичи);'name:ru' не супадае з назвай у Законе
Р-37;r2647989;Міхалкі — Нароўля — мяжа Украіны (Аляксандраўка);Михалки — Наровля — граница Украины (Александровка);'name:ru' не супадае з назвай у Законе
Р-38;r2789929;Буда-Кашалёва (ад аўтамабільнай дарогі М-5) — Чачэрск — Краснаполле;Буда-Кошелёво (от автомобильной дороги М-5) — Чечерск — Краснополье;'name:ru' не супадае з назвай у Законе
Р-39;r2789935;Рагачоў — Жлобін (да аўтамабільнай дарогі М-5);Рогачев — Жлобин (до автомобильной дороги М-5);'name:ru' не супадае з назвай у Законе
Р-40;r2798201;Бараўляны — Лагойск;Боровляны — Логойск;'name:ru' не супадае з назвай у Законе
Р-41;r158533;Слонім — Масты — Скідзель — мяжа Літоўскай Рэспублікі (Парэчча);Слоним — Мосты — Скидель — граница Литовской Республики (Поречье);'name:ru' не супадае з назвай у Законе
Р-42;r158335;Гродна — Гожа — мяжа Літоўскай Рэспублікі (Прывалкі);Гродно — Гожа — граница Литовской Республики (Привалки);'name:ru' не супадае з назвай у Законе
Р-43;r2786094;Мяжа Расійскай Федэрацыі (Звянчатка) — Крычаў — Бабруйск — Івацэвічы (да аўтамабільнай дарогі Р-2/Е 85);Граница Российской Федерации (Звенчатка) — Кричев Бобруйск — Ивацевичи (до автомобильной дороги Р-2/Е 85);'name:ru' не супадае з назвай у Законе
Р-44;r158330;Гродна — Квасоўка — Лунна — Ружаны — Івацэвічы;Гродно — Квасовка — Лунно — Ружаны — Ивацевичи;'name:ru' не супадае з назвай у Законе
Р-45;r1250529;Полацк — Глыбокае — мяжа Літоўскай Рэспублікі (Катлоўка);Полоцк — Глубокое — граница Литвы (Котловка);'name:ru' не супадае з назвай у Законе
Р-46;r1246634;Лепель — Полацк — мяжа РФ (Юхавічы);Лепель — Полоцк — граница РФ (Юховичи);'name:ru' не супадае з назвай у Законе
Р-48;r2796636;Варона — Ашмяны — Юрацішкі — Іўе;Ворона — Ошмяны — Юратишки — Ивье;'name:ru' не супадае з назвай у Законе
Р-50;r2703246;Масты — Зэльва — Ружаны;Мосты — Зельва — Ружаны;'name:ru' не супадае з назвай у Законе
Р-51;r1125689;Астрына — Шчучын — Ваўкавыск;Острино — Щучин — Волковыск;'name:ru' не супадае з назвай у Законе
Р-53;r2798204;Слабада — Навасады;Слобода — Новосады;'name:ru' не супадае з назвай у Законе
Р-54;r2786092;Пяршай — Івянец — Нясвіж (праз Дзераўное);Першай — Ивенец — Несвиж (ч/з Деревное);'name:ru' не супадае з назвай у Законе
Р-55;r2789714;Бабруйск — Глуск — Любань — Гулевічы (до а/д Р-23);Бобруйск — Глуск — Любань — Гулевичи (до а/д Р-23);'name:ru' не супадае з назвай у Законе
Р-56;r2796768;Маладзечна — Валожын;Молодечно — Воложин;'name:ru' не супадае з назвай у Законе
Р-57;r2789717;Кучына — Любань — Вятчын (да а/д М-10);Кучино — Любань — Ветчин (до а/д М-10);'name:ru' не супадае з назвай у Законе
Р-58;r2796767;Мінск — Калачы — Мядзел;Минск — Калачи — Мядель;'name:ru' не супадае з назвай у Законе
Р-59;r2798203;Лагойск — Смалявічы — Мар’іна Горка;Логойск — Смолевичи — Марьина Горка;'name:ru' не супадае з назвай у Законе
Р-60;r2630830;Купа — Занарач — Брусы;Купа — Занарочь — Брусы;'name:ru' не супадае з назвай у Законе
Р-61;r2630829;Узда — Капыль — Гулевічы (праз Старыцу);Узда — Копыль — Гулевичи (через Старицу);'name:ru' не супадае з назвай у Законе
Р-62;r2630828;Чашнікі — Бобр — Бабруйск (праз Клічаў);Чашники — Бобр — Бобруйск (через Кличев);'name:ru' не супадае з назвай у Законе
Р-63;r2796634;Барысаў — Вілейка — Ашмяны;Борисов — Вилейка — Ошмяны;'name:ru' не супадае з назвай у Законе
Р-64;r2630834;Стоўбцы — Мір;Столбцы — Мир;'name:ru' не супадае з назвай у Законе
Р-65;r1823593;Заслаўе — Дзяржынск — Возера;Заславль — Дзержинск — Озеро;'name:ru' не супадае з назвай у Законе
Р-66;r2798202;Калачы — Лагойск;Калачи — Логойск;'name:ru' не супадае з назвай у Законе
Р-67;r2798200;Барысаў — Беразіно — Бабруйск;Борисов — Березино — Бобруйск;'name:ru' не супадае з назвай у Законе
Р-68;r2630686;Пухавічы — Узда — Негарэлае;Пуховичи — Узда — Негорелое;'name:ru' не супадае з назвай у Законе
Р-69;r2798206;;;'name' не знойдзены|'name:be' не знойдзены|'name:ru' не знойдзены|'name:ru' не супадае з назвай у Законе
Р-70;r2792021;Княжыцы — Горкі — Леніна — мяжа Расійскай Федэрацыі (Дружнае);Княжицы — Горки — Ленино — граница Российской Федерации (Дружное);'name:ru' не супадае з назвай у Законе
Р-71;r2790178;Магілёў — Слаўгарад;Могилёв — Славгород;'name:ru' не супадае з назвай у Законе
Р-72;r2792025;Асіповічы — Свіслач;Осиповичи — Свислочь;'name:ru' не супадае з назвай у Законе
Р-73;r2792027;Чавусы — Мсціслаў — мяжа РФ (Каськова);Чаусы — Мстиславль — граница РФ (Коськово);'name:ru' не супадае з назвай у Законе
Р-74;r2630687;Чэрыкаў — Краснаполле — Хоцімск;Чериков — Краснополье — Хотимск;'name:ru' не супадае з назвай у Законе
Р-75;r2786086;Клімавічы (ад а/д Р43) — Касцюковічы — мяжа РФ (Смольки);Климовичи (от а/д Р43) — Костюковичи — граница РФ (Смольки);'name:ru' не супадае з назвай у Законе
Р-76;r2792024;Ворша — Шклоў — Магілёў;Орша — Шклов — Могилёв;'name:ru' не супадае з назвай у Законе
Р-77;r2790182;Шклоў — Бялынічы (праз Прыгані);Шклов — Белыничи (ч/з Пригани);'name:ru' не супадае з назвай у Законе
Р-78;r2781631;Алекшыцы — Ваўкавыск — Поразава — Пружаны;Олекшицы — Волковыск — Порозово — Пружаны;'name:ru' не супадае з назвай у Законе
Р-79;r2790174;Клічаў — Чачэвічы;Кличев — Чечевичи;'name:ru' не супадае з назвай у Законе
Р-80;r2798205;Слабада — Паперня;Слобода — Паперня;'name:ru' не супадае з назвай у Законе
Р-81;r544003;Пружаны — мяжа Рэспублікі Польшча;Пружаны — граница Республики Польша;'name:ru' не супадае з назвай у Законе
Р-83;r161361;Брэст — Камянец — Нацыянальны парк «Белавежская пушча»;Брест — Каменец — Национальный парк «Беловежская пуща»;'name:ru' не супадае з назвай у Законе
Р-84;r2786079;Бяроза — Драгічын;Берёза — Дрогичин;'name:ru' не супадае з назвай у Законе
Р-85;r543988;Слонім — Высокае;Слоним — Высокое;'name:ru' не супадае з назвай у Законе
Р-86;r1282164;Багушэўск (ад М8) — Сянно — Лепель — Мядзел;Богушевск (от М8) — Сенно — Лепель — Мядель;'name:ru' не супадае з назвай у Законе
Р-87;r1245001;Віцебск — Орша;Витебск — Орша;'name:ru' не супадае з назвай у Законе
Р-88;r2789715;Жыткавічы — Давыд-Гарадок — мяжа Украіны (Верхні Церабяжоў);Житковичи — Давид Городок — граница Украины (Верхний Теребежов);'name:ru' не супадае з назвай у Законе
Р-89;r2728146;Ліда — Тракелі — Геранёны — мяжа Літвы (Геранёны);Лида — Трокели — Геранены — граница Литвы (Геранены);'name:ru' не супадае з назвай у Законе
Р-90;r2789721;Парычы — Красны Бераг (да а/д М-5);Паричи — Красный Берег (до а/д М-5);'name:ru' не супадае з назвай у Законе
Р-91;r2786091;Асіповічы — Баранавічы;Осиповичи — Барановичи;'name:ru' не супадае з назвай у Законе
Р-92;r2803757;Мар’іна Горка — Старыя Дарогі;Марьина Горка — Старые Дороги;'name:ru' не супадае з назвай у Законе
Р-93;r2790176;Магілёў — Бабруйск;Могилёв — Бобруйск;'name:ru' не супадае з назвай у Законе
Р-94;r2650601;Брэст — Тамашоўка — мяжа Украіны + пад'езд да мяжы Рэспублікі Польшча (Дамачава);Брест — Томашовка — граница Украины + подъезд к границе Республики Польша (Домачево);'name:ru' не супадае з назвай у Законе
Р-95;r2796639;Лынтупы — Свір — Смаргонь — Крэва — Гальшаны;Лынтупы — Свирь — Сморгонь — Крево — Гольшаны;'name:ru' не супадае з назвай у Законе
Р-96;r2792022;Магілёў — Расна — Мсціслаў;Могилёв — Рясно — Мстиславль;'name:ru' не супадае з назвай у Законе
Р-97;r2790177;Магілёў — Быхаў — Рагачоў;Могилёв — Быхов — Рогачёв;'name:ru' не супадае з назвай у Законе
Р-98;r2367157;Мяжа Рэспублікі Польшча (Пясчатка) — Камянец — Шарашова — Свіслач;граница Республики Польша (Песчатка) — Каменец — Шерешево — Свислочь;'name:ru' не супадае з назвай у Законе
Р-99;r158325;Баранавічы — Ваўкавыск — Пагранічны — Гродна;Барановичи — Волковыск — Пограничный — Гродно;'name:ru' не супадае з назвай у Законе
Р-100;r2783535;Масты — Вялікая Бераставіца;Мосты — Большая Берестовица;'name:ru' не супадае з назвай у Законе
Р-101;r2783536;Пружаны — Бяроза;Пружаны — Берёза;'name:ru' не супадае з назвай у Законе
Р-102;r1695182;Высокае — Камянец — Кобрын;Высокое — Каменец — Кобрин;'name:ru' не супадае з назвай у Законе
Р-103;r2786084;Клецк — Ляхавічы;Клецк — Ляховичи;'name:ru' не супадае з назвай у Законе
Р-104;r2786082;Жабінка - Кобрын;Жабинка — Кобрин;'name:ru' не супадае з назвай у Законе
Р-105;r2786081;Ганцавічы — Лагішын;Ганцевичи — Логишин;'name:ru' не супадае з назвай у Законе
Р-106;r2796641;Маладзечна — Смаргонь;Молодечно — Сморгонь;'name:ru' не супадае з назвай у Законе
Р-107;r2786090;Нясвіж — Цімкавічы;Несвиж — Тимковичи;'name:ru' не супадае з назвай у Законе
Р-108;r2786078;Баранавічы — Моўчадзь — Дзятлава;Барановичи — Молчадь — Дятлово;'name:ru' не супадае з назвай у Законе
Р-109;r1749236;Лёзна — Арэхаўск (да аўтамабільнай дарогі М8);Лиозно — Ореховск (до автомобильной дороги М8);'name:ru' не супадае з назвай у Законе
Р-110;r2796637;Глыбокае — Паставы — Лынтупы — мяжа Літоўскай Рэспублікі (Лынтупы);Глубокое — Поставы — Лынтупы — граница Литовской Республики (Лынтупы);'name:ru' не супадае з назвай у Законе
Р-111;r2650579;Бешанковічы — Чашнікі;Бешенковичи — Чашники;'name:ru' не супадае з назвай у Законе
Р-112;r1245160;Віцебск — Сураж — мяжа Расійскай Федэрацыі (Стайкі);Витебск — Сураж — граница Российской Федерации (Стайки);'name:ru' не супадае з назвай у Законе
Р-113;r2793959;Сянно — Бешанковічы — Ушачы;Сенно — Бешенковичи — Ушачи;'name:ru' не супадае з назвай у Законе
Р-114;r1244837;Гарадок — Ула — Камень;Городок — Улла — Камень;'name:ru' не супадае з назвай у Законе
Р-115;r1244835;Віцебск — Гарадок (да аўтамабільнай дарогі М-8);Витебск — Городок (до автомобильной дороги М-8);'name:ru' не супадае з назвай у Законе
Р-116;r2793960;Ушачы — Лепель;Ушачи — Лепель;'name:ru' не супадае з назвай у Законе
Р-118;r2790175;Любонічы (ад аўтамабільнай дарогі Р-62) — Кіраўск;Любоничи (от автомобильной дороги Р-62) — Кировск;'name:ru' не супадае з назвай у Законе
Р-119;r2790179;Слаўгарад — Ніканавічы (да аўтамабільнай дарогі М-8);Славгород — Никоновичи (до автомобильной дороги М-8);'name:ru' не супадае з назвай у Законе
Р-120;r2790171;Быхаў — Бялынічы;Быхов — Белыничи;'name:ru' не супадае з назвай у Законе
Р-121;r2792029;Шклоў — Круглае;Шклов — Круглое;'name:ru' не супадае з назвай у Законе
Р-122;r2786088;Магілёў — Чэрыкаў — Касцюковічы;Могилёв — Чериков — Костюковичи;'name:ru' не супадае з назвай у Законе
Р-123;r2792026;Прысно — Масток — Дрыбін — Горкі;Присно — Мосток — Дрибин — Горки;'name:ru' не супадае з назвай у Законе
Р-124;r2790172;Ветка — Добруш — Церахоўка — мяжа Расійскай Федэрацыі і мяжа Украіны (Весялоўка);Ветка — Добруш — Тереховка — граница Российской Федерации и граница Украины (Веселовка);'name:ru' не супадае з назвай у Законе
Р-125;r2789718;Лоеў — Брагін;Лоев — Брагин;'name:ru' не супадае з назвай у Законе
Р-126;r2789933;Ельск — Нароўля;Ельск — Наровля;'name:ru' не супадае з назвай у Законе
Р-127;r2367253;Кобрын - мяжа Украіны (Дзівін);Кобрин — граница Украины (Дивин);'name:ru' не супадае з назвай у Законе
Р-128;r2789937;Тураў — Лельчыцы — Славечна (да аўтамабільнай дарогі Р-31);Туров — Лельчицы — Словечно (до автомобильной дороги Р-31);'name:ru' не супадае з назвай у Законе
Р-129;r2790173;Гомель — аэрапорт Гомель;Гомель — аэропорт Гомель;'name:ru' не супадае з назвай у Законе
Р-130;r2789930;Буда-Кашалёва — Уваравічы — Калініна;Буда-Кошелёво — Уваровичи — Калинино;'name:ru' не супадае з назвай у Законе
Р-131;r2789716;Калінкавічы — Мазыр (да аўтамабільнай дарогі Р-31);Калинковичи — Мозырь (до автомобильной дороги Р-31);'name:ru' не супадае з назвай у Законе
Р-132;r2793961;Мяжа Расійскай Федэрацыі (Гарбачэва) — Расоны — Каханавічы;Граница Российской Федерации (Горбачево) — Россоны — Кохановичи;'name:ru' не супадае з назвай у Законе
Р-134;r555147;Вялікая Бераставіца — Кватары — Свіслач;Большая Берестовица — Кваторы — Свислочь;'name:ru' не супадае з назвай у Законе
Р-135;r2796638;Іўе — Тракелі — Радунь;Ивье — Трокели — Радунь;'name:ru' не супадае з назвай у Законе
Р-136;r2786080;Вайцяшын (ад аўтамабільнай дарогі Р-2) — Хомск — Драгічын;Войтешин (от автомобильной дороги Р-2) — Хомск — Дрогичин;'name:ru' не супадае з назвай у Законе
Р-140;r2789936;Слаўгарад — Краснаполле;Славгород — Краснополье;'name:ru' не супадае з назвай у Законе
Р-141;r2667143;Беліца — Жалудок — Ражанка;Белица — Желудок — Рожанка;'name:ru' не супадае з назвай у Законе
Р-142;r2703180;Зэльва — Дзярэчын — Мядзвінавічы;Зельва — Деречин — Медвиновичи;'name:ru' не супадае з назвай у Законе
Р-144;r2786083;Іванава — мяжа Украіны (Махро);Иваново — граница Украины (Мохро);'name:ru' не супадае з назвай у Законе
Р-145;r2666154;Гродна — Астрына — Радунь — мяжа Літоўскай Рэспублікі (Доцішкі);Гродно — Острына — Радунь — граница Литовской Республики (Дотишки);'name:ru' не супадае з назвай у Законе
Р-146;r2796642;Ашмяны — Клявіца — мяжа Літоўскай Рэспублікай (Клявіца);Ошмяны — Клевица — граница Литовской Республики (Клевица);'name:ru' не супадае з назвай у Законе
Р-147;r2786093;Стытычево-Невель-мяжа Украіны (Невель);Стытычево — Невель — граница Украины (Невель);'name:ru' не супадае з назвай у Законе
Р-148;r2789932;Ельск — Махновічы (да аўтамабільнай дарогі Р-36);Ельск — Махновичи (до автомобильной дороги Р-36);'name:ru' не супадае з назвай у Законе
Р-149;r2789934;Жлобін (ад аўтамабільнай дарогі М-5) — Светлагорск (да аўтамабільнай дарогі Р-82);Жлобин (от автомобильной дороги М-5) — Светлогорск (до автомобильной дороги Р-82);'name:ru' не супадае з назвай у Законе
Р-150;r2789938;Хутар (ад пад'езда да г. Гомеля) — Гомель (да вул. Мележа);Хутор (от подъезда к г. Гомелю) — Гомель (до ул. Мележа);'name:ru' не супадае з назвай у Законе
Н-73;r14398969;Лунінец – садаводчае таварыства "Меліяратар-90" – да аўтамабільнай дарогі Н-44 Дзятлавічы – Купаўцы – Язвінкі;Лунинец – садоводческое товарищество "Мелиоратор-90" – до автомобильной дороги Н-44 Дятловичи – Куповцы – Язвинки;'name:ru' не супадае з назвай у Законе
Н-139;r11136424;Сцяпанкі – мемарыяльны комплекс "Дрэмлева";Степанки – Мемориальный комплекс "Дремлёво";'name:ru' не супадае з назвай у Законе
Н-203;r14398950;Вяз (ад аўтамабільнай дарогі М-10 Мяжа Расійскай Федэрацыі (Селішча) – Гомель – Кобрын) – Пагост-Загародскі;Вяз (от автомобильной дороги М-10 Граница Российской Федерации (Селище) – Гомель – Кобрин) – Погост- Загородский;'name:ru' не супадае з назвай у Законе
Н-279;r2036619;Моўчадзь – Пачапава – гравійна-сартавальны завод "Амневічы";Молчадь – Почапово – гравийно-сортировочный завод "Омневичи";'name:ru' не супадае з назвай у Законе
Н-341;r14398948;Русіно – ААТ "Баранавіцкая птушкафабрыка";Русино – ОАО "Барановичская птицефабрика";'name:ru' не супадае з назвай у Законе
Н-394;r14398720;Навіцкавічы – Яменка (да аўтамабільнай дарогі Р-83 Брэст – Камянец – Нацыянальны парк "Белавежская пушча");Новицковичи – Яменка (до автомобильной дороги Р-83 Брест – Каменец – Национальный парк "Беловежская пуща");'name:ru' не супадае з назвай у Законе
Н-397;r14398701;Дзмітровічы (ад аўтамабільнай дарогі Р-83 Брэст – Камянец – Нацыянальны парк "Белавежская пушча") – Абрамава;Дмитровичи (от автомобильной дороги Р-83 Брест – Каменец – Национальный парк "Беловежская пуща") – Абрамово;'name:ru' не супадае з назвай у Законе
Н-438;r14398733;Івахнавічы – Амелінна (да аўтамабільнай дарогі Р-83 Брэст – Камянец – Нацыянальны парк "Белавежская пушча");Ивахновичи – Омелинно (до автомобильной дороги Р-83 Брест – Каменец – Национальный парк "Беловежская пуща");'name:ru' не супадае з назвай у Законе
Н-882;r14398608;Дзіцячы аздараўленчы цэнтр "Жамчужынка" – Дубовае;Детский оздоровительный центр "Жемчужинка" – Дубовое;'name:ru' не супадае з назвай у Законе
Н-892;r14398507;Пескі 1 – дзіцячы аздараўленчы лагер "Салют";Пески 1 – детский оздоровительный лагерь "Салют";'name:ru' не супадае з назвай у Законе
Н-898;r14398900;Малыя Лепесы – садаводчае таварыства "Авіятар" горада Кобрын;Малые Лепесы – садоводческое товарищество "Авиатор" города Кобрин;'name:ru' не супадае з назвай у Законе
Н-2115;r11136252;Садаводчае таварыства "Акмяніца" – Булавішкі – Юраны;Садоводческое товарищество "Окменица" – Буловишки – Юраны;'name:ru' не супадае з назвай у Законе
Н-2208;r14408767;Урочышча "Міснікава" – Свіраўшчына – Валынцы;Урочище "Мисниково" – Свиравщина – Волынцы;'name:ru' не супадае з назвай у Законе
Н-2232;r14408583;Зябкі – урочышча "Фрэйзава";Зябки – урочище "Фрейзево";'name:ru' не супадае з назвай у Законе
Н-2272;r14408106;Ліпаўкі – пункт спрошчанага пропуску "Ворзава";Липовки – пункт упрощенного пропуска "Ворзово";'name:ru' не супадае з назвай у Законе
Н-2411;r14408909;Аўтамабільная дарога Р-45 Полацк – Глыбокае – мяжа Літоўскай Рэспублікі (Катлоўка) – Азярцы – Кухты;Автомобильная дорога Р-45 Полоцк – Глубокое – граница Литовской Республики (Котловка) – Озерцы – Кухты;'name:ru' не супадае з назвай у Законе
Н-2527;r14408648;Урочышча "Прыбыткава" – Чарныя – Капасы;Урочище "Прибытково" – Черные – Копасы;'name:ru' не супадае з назвай у Законе
Н-2541;r14408646;Кажамякі – урочышча "Мініны";Кожемяки – урочище "Минины";'name:ru' не супадае з назвай у Законе
Н-2573;r14408356;Рудня – урочышча "Немцава";Рудня – урочище "Немцево";'name:ru' не супадае з назвай у Законе
Н-2741;r14408614;Нікіціна – урочышча "Жалезкава";Никитино – урочище "Железново";'name:ru' не супадае з назвай у Законе
Н-2814;r14408676;Замошша – урочышча "Мішулькі";Замошье – урочище "Мишульки";'name:ru' не супадае з назвай у Законе
Н-2931;r14407995;Урочышча "Ціханава" – Перамонт;Урочище "Тиханово" – Пермонт;'name:ru' не супадае з назвай у Законе
Н-2942;r14408268;Замшына – урочышча "Зосіна";Замшено – урочище "Зосино";'name:ru' не супадае з назвай у Законе
Н-2945;r14408765;Бяскова – урочышча "Антонькава";Бесково – урочище "Антоньково";'name:ru' не супадае з назвай у Законе
Н-2947;r14408086;Заверына – воінскае пахаванне "Куракі";Заверино – воинское захоронение "Куряки";'name:ru' не супадае з назвай у Законе
Н-3115;r14408138;Садаводчае таварыства "Здароўе" – Крапіўна – Стаўры;Садоводческое товарищество "Здоровье" – Крапивно – Ставры;'name:ru' не супадае з назвай у Законе
Н-3119;r14408211;Аўтамабільная дарога Р-15 Крычаў – Ворша – Лепель – Есіпава – Пугляі – Бабічы;Автомобильная дорога Р-15 Кричев – Орша – Лепель – Есипово – Пугляи – Бабичи;'name:ru' не супадае з назвай у Законе
Н-3143;r14409271;Ад аўтамабільнай дарогі М-8/Е 95 Мяжа Расійскай Федэрацыі (Езярышча) – Віцебск – Гомель – мяжа Украіны (Новая Гута) да аўтамабільнай дарогі Р-15 Крычаў – Ворша – Лепель праз селекцыйна-гібрыдны цэнтр "Задняпроўскі";От автомобильной дороги М-8/Е 95 Граница Российской Федерации (Езерище) – Витебск – Гомель – граница Украины (Новая Гута) до автомобильной дороги Р-15 Кричев – Орша – Лепель через селекционно-гибридный центр "Заднепровский";'name:ru' не супадае з назвай у Законе
Н-3144;r14408348;Ад аўтамабільнай дарогі Р-15 Крычаў – Ворша – Лепель да аўтамабільнай дарогі Н-3115 Садаводчае таварыства "Здароўе" – Крапіўна – Стаўры;От автомобильной дороги Р-15 Кричев – Орша – Лепель до автомобильной дороги Н-3115 Садоводческое товарищество "Здоровье" – Крапивно – Ставры;'name:ru' не супадае з назвай у Законе
Н-3151;r14408033;Аўтамабільная дарога Р-15 Крычаў – Ворша – Лепель – Дачная – Татарск;Автомобильная дорога Р-15 Кричев – Орша – Лепель – Дачная – Татарск;'name:ru' не супадае з назвай у Законе
Н-3153;r14408506;Аўтамабільная дарога Р-109 Лёзна – Арэхаўск (да аўтамабільнай дарогі М-8/Е 95) – Высокае – Селішча;Автомобильная дорога Р-109 Лиозно – Ореховск (до автомобильной дороги М-8/Е 95) – Высокое – Селище;'name:ru' не супадае з назвай у Законе
Н-3155;r14408137;Суднікі – Селекцыйна-гібрыдны цэнтр "Задняпроўскі";Судники – Селекционно-гибридный центр "Заднепровский";'name:ru' не супадае з назвай у Законе
Н-3165;r14408781;Аўтамабільная дарога Р-15 Крычаў – Ворша – Лепель – Спаскае – Шанькава;Автомобильная дорога Р-15 Кричев – Орша – Лепель – Спасское – Шаньково;'name:ru' не супадае з назвай у Законе
Н-3166;r14408825;Аўтамабільная дарога М-8/Е 95 Мяжа Расійскай Федэрацыі (Езярышча) – Віцебск – Гомель – мяжа Украіны (Новая Гута) – Казловічы 1-я;Автомобильная дорога М-8/Е 95 Граница Российской Федерации (Езерище) – Витебск – Гомель – граница Украины (Новая Гута) – Козловичи 1-е;'name:ru' не супадае з назвай у Законе
Н-3175;r14408400;Стахоўка – Шугайлава – садаводчае таварыства "Станкабудаўнік";Стаховка – Шугайлово – садоводческое товарищество "Станкостроитель";'name:ru' не супадае з назвай у Законе
Н-3198;r14409279;Аўтамабільная дарога Р-22 Ворша – Дуброўна – да аўтамабільнай дарогі М-1/Е 30 (Буда) – Савішчына;Автомобильная дорога Р-22 Орша – Дубровно – до автомобильной дороги М-1/Е 30 (Буда) – Савищино;'name:ru' не супадае з назвай у Законе
Н-3432;r14408295;Глаты – турыстычная база "Ласіны Лог";Глоты – туристическая база "Лосиный Лог";'name:ru' не супадае з назвай у Законе
Н-3701;r14408333;Ушачы – Бабынічы да аўтамабільнай дарогі Р-45 Полацк – Глыбокае – мяжа Літоўскай Рэспублікі (Катлоўка);Ушачи – Бобыничи до автомобильной дороги Р-45 Полоцк – Глубокое – граница Литовской Республики (Котловка);'name:ru' не супадае з назвай у Законе
Н-4202;r14412714;Свірыдавічы – Лабкі – скасаваная вёска Вясёлы;Свиридовичи – Лобки – упраздненная деревня Весёлый;'name:ru' не супадае з назвай у Законе
Н-4212;r14412974;Чачэрск – аўтамабільная дарога М-8/Е 95 Мяжа Расійскай Федэрацыі (Езярышча) – Віцебск – Гомель – мяжа Украіны (Новая Гута);Чечерск – автомобильная дорога М-8/Е 95 граница Российской Федерации (Езерище) – Витебск – Гомель – граница Украины (Новая Гута);'name:ru' не супадае з назвай у Законе
Н-4236;r14412806;Старая Яцкаўшчына – Брылёў;Старая Яцковщина – Брилёв;'name:ru' не супадае з назвай у Законе
Н-4280;r14412583;Гарадзішча – Красная Ніва – аўтамабільная дарога Н-4281 Старыя Хракавічы – Сяўкі;Городище – Красная Нива – автомобильная дорога Н-4281 Старые Храковичи – Севки;'name:ru' не супадае з назвай у Законе
Н-4284;r14412579;Аўтамабільная дарога Р-35 Калінкавічы – Брагін – Камарын – мяжа Украіны (Камарын) – Мікулічы;автомобильная дорога Р-35 Калинковичи – Брагин – Комарин – граница Украины (Комарин) – Микуличи;'name:ru' не супадае з назвай у Законе
Н-4424;r14412829;Ельск – Ельская мэблевая фабрыка ААТ "Мазырдрэў";Ельск – Ельская мебельная фабрика ОАО "Мозырьдрев";'name:ru' не супадае з назвай у Законе
Н-4444;r14412628;Пеніца – Садаводчае таварыства "Дружба";Пеница – садоводческое товарищество "Дружба";'name:ru' не супадае з назвай у Законе
Н-4555;r14422573;Перасека – Пархімкаўская Слабада;Пересека – Пархимковская Слобода;'name:ru' не супадае з назвай у Законе
Н-4585;r11136664;аўтамабільная дарога Р-35 Калінкавічы – Брагін – Камарын – мяжа Украіны (Камарын) – Стралічава – Іванаўка;автомобильная дорога Р-35 Калинковичи – Брагин – Комарин – граница Украины (Комарин) – Стреличево – Ивановка;'name:ru' не супадае з назвай у Законе
Н-4589;r11136668;Хойнікі – чыгуначная станцыя Аўраамаўская;Хойники – железнодорожная станция Авраамовская;'name:ru' не супадае з назвай у Законе
Н-4637;r11136718;Чабатовічы – Хоўхла – Бярвёнаўка;Чеботовичи – Ховхло – Бервёновка;'name:ru' не супадае з назвай у Законе
Н-4657;r11136738;Камунар – Цёмны Восаў;Коммунар – Тёмный Осов;'name:ru' не супадае з назвай у Законе
Н-4669;r11136749;Муравей – Дзёміна;Муравей – Дёмино;'name:ru' не супадае з назвай у Законе
Н-4681;r1382311;Ветка – урочышча Шубіна;Ветка – урочище "Шубино";'name:ru' не супадае з назвай у Законе
Н-4684;r11136760;Новыя Грамыкі – Пацёсы – Неглюбка;Новые Громыки – Потёсы – Неглюбка;'name:ru' не супадае з назвай у Законе
Н-4819;r14412826;Карма – Паштовая Глінка – мяжа Магілёўскай вобласці;Корма – Почтовая Глинка – граница Могилёвской области;'name:ru' не супадае з назвай у Законе
Н-6006;r4207239;Навагрудак – Боцкавічы – санаторый "Радон";Новогрудок – Боцковичи – санаторий "Радон";'name:ru' не супадае з назвай у Законе
Н-6024;r12574059;Пад'езд да садаводчага таварыства "Сонейка" ад аўтамабільнай дарогі Н-6041 Пад'езд да турбазы "Нёман" ад аўтамабільнай дарогі Н-6031 Гродна – Зарачанка – Сапоцкін;Подъезд к садоводческому товариществу "Солнышко" от автомобильной дороги Н-6041 Подъезд к турбазе "Неман" от автомобильной дороги Н-6031 Гродно – Заречанка – Сопоцкин;'name:ru' не супадае з назвай у Законе
Н-6036;r12583377;Азёры – аздараўленчы лагер "Бярозка";Озеры – оздоровительный лагерь "Березка";'name:ru' не супадае з назвай у Законе
Н-6041;r4230914;Пад'езд да турбазы "Нёман" ад аўтамабільнай дарогі Н-6031 Гродна – Зарачанка – Сапоцкін;Подъезд к турбазе "Неман" от автомобильной дороги Н-6031 Гродно – Заречанка – Сопоцкин;'name:ru' не супадае з назвай у Законе
Н-6084;r12902853;Апаліна-Басіна – Міроўшчына – Вензавец;Апалино-Басино – Мировщина – Вензовец;'name:ru' не супадае з назвай у Законе
Н-6156;r13321478;Ліпнішкі – Суботнікі – Геранёны – аўтамабільная дарога Р-89 Ліда – Тракелі – Геранёны – мяжа Літвы (Геранёны) з пад'ездам да школы аграгарадка Геранёны;Липнишки – Субботники – Геранёны – автомобильная дорога Р-89 Лида – Трокели – Геранёны – граница Литовской Республики (Геранёны) с подъездом к школе агрогородка Геранёны;'name:ru' не супадае з назвай у Законе
Н-6240;r11611129;Пад'езд да комплексу "Грыцавічы" ад аўтамабільной дарогі Н-6239 Грыцавічы – Краснае – Каласы;Подъезд к комплексу "Грицевичи" от автомобильной дороги Н-6239 Грицевичи – Красное – Колосы;'name:ru' не супадае з назвай у Законе
Н-6383;r13837679;Пад'езд да дзіцячага аздараўленчага лагера "Нёман" вёскі Каўшова ад аўтамабільнай дарогі Н-6379 Лаўна – Мазанава;Подъезд к детскому оздоровительному лагерю "Неман" деревни Ковшово от автомобильной дороги Н-6379 Лавно – Мазаново;'name:ru' не супадае з назвай у Законе
Н-6384;r2705208;Шымкі – Маскалі – Воля-Крупіцы;Шимки – Москали – Воля-Крупицы;'name:ru' не супадае з назвай у Законе
Н-6448;r8435070;Абыход аграгарадка Ліпнішкі (ад аўтамабільнай дарогі Р-135 Іўе – Тракелі – Радунь да аўтамабільнай дарогі Н-6021 Ліпнішкі – Ліда);Обход агрогородка Липнишки (от автомобильной дороги Р-135 Ивье-Трокели-Радунь до автомобильной дороги Н-6021 Липнишки – Лида);'name:ru' не супадае з назвай у Законе
Н-6498;r2695729;Пад'езд да аздараўленчага лагера "Касмадром" ад аўтамабільнай дарогі Р-145 Гродна – Астрына – Радунь – мяжа Літоўскай Рэспублікі (Доцішкі);Подъезд к оздоровительному лагерю "Космодром" от автомобильной дороги Р-145 Гродно – Острино – Радунь – граница Литовской Республики (Дотишки);'name:ru' не супадае з назвай у Законе
Н-6589;r12788965;Пад'езд да вёскі Новік, садаводчага таварыства "Сасновая балка" ад аўтамабільнай дарогі Н-6038 Гродна – Старадубавая – Адэльск;Подъезд к деревне Новики, садоводческому товариществу "Сосновая балка" от автомобильной дороги Н-6038 Гродно – Стародубовая – Одельск;'name:ru' не супадае з назвай у Законе
Н-6642;r13329002;Ліпнішкі – Геранёны – аўтамабільная дарога Р-89 Ліда – Тракелі – Геранёны – мяжа Літвы (Геранёны) з пад'ездам да вуліцы Лідскай аграгарадка Геранёны;Липнишки – Геранёны – автомобильная дорога Р-89 Лида – Трокели – Геранёны – граница Литовской Республики (Геранёны) с подъездом к улице Лидской агрогородка Геранёны;'name:ru' не супадае з назвай у Законе
Н-6656;r12920270;Пад'езд да кар'еру "Данілавіцкае" ад аўтамабільнай дарогі Н-6005 Карэлічы – Валеўка – Наваельня;Подъезд к карьеру "Даниловичское" от автомобильной дороги Н-6005 Кореличи – Валевка – Новоельня;'name:ru' не супадае з назвай у Законе
Н-6660;r12920267;Нагародавічы – "Выпраўленчая калонія-пасяленне № 26";Нагородовичи – "Исправительная колония-поселение № 26";'name:ru' не супадае з назвай у Законе
Н-6766;r12788962;Аб'езд вёскі Гарны (аўтамабільная дарогі Н-6582 Квасоўка – Гарны – Агароднікі (км 4,340 – км 5,314);Объезд деревни Горны (автомобильная дорога Н-6582 Квасовка – Горны – Огородники (км 4,340 – км 5,314);'name:ru' не супадае з назвай у Законе
Н-6869;r12793634;Аб'езд вёскі Баранава (аўтамабільная дарога Н-6045 Квасоўка – Баранава – Навасёлкі – Дайлідкі (км 6,357 – км 4,515);Объезд деревни Бараново (автомобильная дорога Н-6045 Квасовка – Бараново – Новоселки – Дайлидки (км 6,357 – км 4,515);'name:ru' не супадае з назвай у Законе
Н-6984;r14394558;Ішчална – аўтамабільная дарога М-6/Е 28 Мінск – Гродна – мяжа Рэспублікі Польшча (Брузгі) (км 201,0);Ищелно – автомобильная дорога М-6/Е 28 Минск – Гродно – граница Республики Польша (Брузги) (км 201,0);'name:ru' не супадае з назвай у Законе
Н-7040;r11970714;Пад'езд да мемарыяльнага комплексу "Шавулічы" ад аўтамабільнай дарогі Р-51 Астрына – Шчучын – Ваўкавыск;Подъезд к мемориальному комплексу "Шауличи" от автомобильной дороги Р-51 Острино – Щучин – Волковыск;'name:ru' не супадае з назвай у Законе
Н-7043;r14041131;Пад'езд да вёскі Гагарына ад аўтамабільнай дарогі Н-6006 Навагрудак – Боцкавічы – санаторый "Радон";Подъезд к деревне Гагарино от автомобильной дороги Н-6006 Новогрудок – Боцковичи – санаторий "Радон";'name:ru' не супадае з назвай у Законе
Н-7044;r14041130;Пад'езд да вёскі Сямкова ад аўтамабільнай дарогі Н-6006 Навагрудак – Боцкавічы – санаторый "Радон";Подъезд к деревне Семково от автомобильной дороги Н-6006 Новогрудок – Боцковичи – санаторий "Радон";'name:ru' не супадае з назвай у Законе
Н-7047;r14041127;Пад'езд да вёскі Негрымава ад аўтамабільнай дарогі Н-6006 Навагрудак – Боцкавічы – санаторый "Радон";Подъезд к деревне Негримово от автомобильной дороги Н-6006 Новогрудок – Боцковичи – санаторий "Радон";'name:ru' не супадае з назвай у Законе
Н-7054;r2636550;Санаторый "Свіцязь" – Навасады – Валеўка;Санаторий "Свитязь" – Новосады – Валевка;'name:ru' не супадае з назвай у Законе
Н-7106;r14064736;Пад'езд да карьера "Руткоўскае" ад аўтамабільнай дарогі Р-10/П 1 Подъезд к автомобильной дороге Р-11 (у абыход горада Навагрудка) ад аўтамабільнай дарогі Р-10;Подъезд к карьеру "Рутковское" от автомобильной дороги Р-10/П 1 Подъезд к автомобильной дороге Р-11 (в обход города Новогрудка) от автомобильной дороги Р-10;'name:ru' не супадае з назвай у Законе
Н-7119;r8416233;Жупраны – Замасцяны – аздараўленчы лагер "Дружба";Жупраны – Замостяны – оздоровительный лагерь "Дружба";'name:ru' не супадае з назвай у Законе
Н-7306;r12730297;Шынкаўцы – кар'ер "Шынкаўцы";Шинковцы – карьер "Шинковцы";'name:ru' не супадае з назвай у Законе
Н-7311;r13850052;Пад'езд да кар'ера "Машталеры" ад аўтамабільнай дарогі Н-7234 Машталеры – Кухары;Подъезд к карьеру "Машталеры" от автомобильной дороги Н-7234 Машталеры – Кухари;'name:ru' не супадае з назвай у Законе
Н-7336;r14103639;Пад'езд да дзіцячага аддзялення "Баравічок" філіяла "Санаторый Радон" ад аўтамабільнай дарогі М-11/П 1 Пад'езд да санаторыя "Радон" ад аўтамабільнай дарогі М-11/Е 85;Подъезд к детскому отделению "Боровичок" филиала "Санаторий "Радон" от автомобильной дороги М-11/П 1 Подъезд к санаторию "Радон" от автомобильной дороги М-11/Е 85;'name:ru' не супадае з назвай у Законе
Н-7349;r12933316;Пад'езд да вёскі Баравікі ад аўтамабільнай дарогі М-11/П 1 Пад'езд да санаторыя "Радон" ад аўтамабільнай дарогі М-11/Е 85;Подъезд к деревне Боровики от автомобильной дороги М-11/П 1 Подъезд к санаторию "Радон" от автомобильной дороги М-11/Е 85;'name:ru' не супадае з назвай у Законе
Н-7368;r12257115;Праезд по вуліцы вёскі Віганцы (аўтамабільная дарога Н-6103 Радунь – Васілішкі, км 4,28);Проезд по улице деревни Виганцы (автомобильная дорога Н-6103 Радунь – Василишки, км 4,28);'name:ru' не супадае з назвай у Законе
Н-7395;r14394841;Каты – кар'ер "Сінькі";Коты – карьер "Синьки";'name:ru' не супадае з назвай у Законе
Н-7409;r13366932;Пад'езд да вёскі Белевічы ад аўтамабільнай дарогі Н-6642 Ліпнішкі – Геранёны – аўтамабільная дарога Р-89 Ліда – Тракелі – Геранёны – мяжа Літвы (Геранёны) з пад'ездам да вуліцы Лідскай аграгарадка Геранёны;Подъезд к деревне Белевичи от автомобильной дороги Н-6642 Липнишки – Геранёны – автомобильная дорога Р-89 Лида – Трокели – Геранёны – граница Литовской Республики (Геранёны) с подъездом к улице Лидской агрогородка Геранёны;'name:ru' не супадае з назвай у Законе
Н-7414;r13370912;Пад'езд да вёскі Малая Апіта ад аўтамабільнай дарогі Н-6642 Ліпнішкі – Геранёны – аўтамабільная дарога Р-89 Ліда – Тракелі – Геранёны – мяжа Літвы (Геранёны) з пад'ездам да вуліцы Лідскай аграгарадка Геранёны;Подъезд к деревне Малая Опита от автомобильной дороги Н-6642 Липнишки – Геранёны – автомобильная дорога Р-89 Лида – Трокели – Геранёны – граница Литовской Республики (Геранёны) с подъездом к улице Лидской агрогородка Геранёны;'name:ru' не супадае з назвай у Законе
Н-7416;r13370910;Пад'езд да вёскі Ціконі ад аўтамабільнай дарогі Н-6642 Ліпнішкі – Геранёны – аўтамабільная дарога Р-89 Ліда – Тракелі – Геранёны – мяжа Літвы (Геранёны) з пад'ездам да вуліцы Лідскай аграгарадка Геранёны;Подъезд к деревне Тикони от автомобильной дороги Н-6642 Липнишки – Геранёны – автомобильная дорога Р-89 Лида – Трокели – Геранёны – граница Литовской Республики (Геранёны) с подъездом к улице Лидской агрогородка Геранёны;'name:ru' не супадае з назвай у Законе
Н-7437;r12257113;Пад'езд да хутара Сцілгуны ад аўтамабільнай дарогі Н-20413 Воранава – Тракелі да садаводчага таварыства "Сосны" ад аўтамабільнай дарогі Н-6105 Воранава – Тракелі;Подъезд к хутору Стилгуны от автомобильной дороги Н-20413 Подъезд к садоводческому товариществу "Сосны" от автомобильной дороги Н-6105 Вороново – Трокели;'name:ru' не супадае з назвай у Законе
Н-7449;r13381755;Пад'езд да вёскі Лынтуп ад аўтамабільнай дарогі Н-6156 Ліпнішкі – Суботнікі – Геранёны – аўтамабільная дарога Р-89 Ліда – Тракелі – Геранёны – мяжа Літвы (Геранёны) з пад'ездам да школы аграгарадка Геранёны;Подъезд к деревне Лынтуп от автомобильной дороги Н-6156 Липнишки – Субботники – Геранёны – автомобильная дорога Р-89 Лида – Трокели – Геранёны – граница Литовской Республики (Геранёны) с подъездом к школе агрогородка Геранёны;'name:ru' не супадае з назвай у Законе
Н-7541;r13655765;Пад'езд да кар'ера "Аканавічы-1" ад аўтамабільнай дарогі Н-6189 Райца – Цырын – Навасёлкі;Подъезд к карьеру "Акановичи-1" от автомобильной дороги Н-6189 Райца – Цирин – Новоселки;'name:ru' не супадае з назвай у Законе
Н-7761;r14733184;Каланая – 12-ая застава "Лясная";Колоная – 12-ая застава "Лесная";'name:ru' не супадае з назвай у Законе
Н-7772;r14394595;Жукавічы – Дзешкаўцы-Груд;Жуковичи – Дешковцы-Груд;'name:ru' не супадае з назвай у Законе
Н-7810;r13233247;Пад'езд да дзіцячага аздараўленчага лагеру "Блакітная хваля" ад аўтамабільнай дарогі Н-6075 Бярэжкі – Лаўрыновічы – Каралін;Подъезд к детскому оздоровительному лагерю "Голубая Волна" от автомобильной дороги Н-6075 Бережки – Лавриновичи – Каролин;'name:ru' не супадае з назвай у Законе
Н-7930;r13471005;Пад'езд да вёскі Дайнава ад аўтамабільнай дарогі Н-6642 Ліпнішкі – Геранёны – аўтамабільная дарога Р-89 Ліда – Тракелі – Геранёны – мяжа Літвы (Геранёны) з пад'ездам да вуліцы Лідскай аграгарадка Геранёны;Подъезд к деревне Дайнова от автомобильной дороги Н-6642 Липнишки – Геранёны – автомобильная дорога Р-89 Лида – Трокели – Геранёны – граница Литовской Республики (Геранёны) с подъездом к улице Лидской агрогородка Геранёны;'name:ru' не супадае з назвай у Законе
Н-7931;r13471004;Пад'езд да вёскі Меляхі ад аўтамабільнай дарогі Н-6156 Ліпнішкі – Суботнікі – Геранёны – аўтамабільная дарога Р-89 Ліда – Тракелі – Геранёны – мяжа Літвы (Геранёны) з пад'ездам да школы аграгарадка Геранёны;Подъезд к деревне Мелехи от автомобильной дороги Н-6156 Липнишки – Субботники – Геранёны – автомобильная дорога Р-89 Лида – Трокели – Геранёны – граница Литовской Республики (Геранёны) с подъездом к школе агрогородка Геранёны;'name:ru' не супадае з назвай у Законе
Н-8068;r14417344;Гурэшчына – садаводчае таварыства "Транспартнік";Гурещина – садоводческое товарищество "Транспортник";'name:ru' не супадае з назвай у Законе
Н-8096;r9642696;Навасёлкі – Ратуцічы – Млёхава;Новосёлки – Ратутичи – Млёхово;'name:ru' не супадае з назвай у Законе
Н-8101;r9642691;Барысаў – Новая Мётча;Борисов – Новая Мётча;'name:ru' не супадае з назвай у Законе
Н-8274;r12670839;"Аўтамабільная дарога М-6/Е28 Мінск — Гродна — мяжа Рэспублікі Польшча (Брузгі)" – (Ганчары – Макараўка);"Автомобильная дорога М-6/Е28 Минск – Гродно – граница Республики Польша (Брузги)" – Воложин;'name:ru' не супадае з назвай у Законе
Н-8314;r14416655;Гіравічы – Касцюкі – садаводчае таварыства "Вітамін";Гиревичи – Костюки – садоводческое товарищество "Витамин";'name:ru' не супадае з назвай у Законе
Н-8343;r11136371;Бузуны – садаводчае таварыства "Здароўе";Бузуны – садоводческое товарищество "Здоровье";'name:ru' не супадае з назвай у Законе
Н-8346;r14417460;Шапавалы – садаводчае таварыства "Світанак";Шаповалы – садоводческое товарищество "Свитанок";'name:ru' не супадае з назвай у Законе
Н-8371;r14417821;Дзяржынск – Кляноўка – Рэчкі – аўтамабільная дарога Р-65 Заслаўе – Дзяржынск – Возера;Дзержинск – Кленовка – Речки – автомобильная дорога Р-65 Заславль – Дзержинск – Озеро;'name:ru' не супадае з назвай у Законе
Н-8384;r14417789;Баравое – Косцевічы – аўтамабільная дарога Н-8385 Дзяржынск – Вялікае Сяло;Боровое – Костевичи – автомобильная дорога Н-8385 Дзержинск – Великое Село;'name:ru' не супадае з назвай у Законе
Н-8386;r14417790;Вялікія Навасёлкі – Ясюцевічы – аўтамабільная дарога Н-8385 Дзяржынск – Вялікае Сяло;Большие Новосёлки – Ясютевичи – автомобильная дорога Н-8385 Дзержинск – Великое Село;'name:ru' не супадае з назвай у Законе
Н-8387;r14417679;Дзяржынск – Чэрнікаўшчына – аўтамабільная дарога Р-1 Мінск – Дзяржынск;Дзержинск – Черниковщина – автомобильная дорога Р-1 Минск – Дзержинск;'name:ru' не супадае з назвай у Законе
Н-8395;r14416535;Чаркасы – Слабодка – аўтамабільная дарога Р-1 Мінск – Дзяржынск;Черкассы – Слободка – автомобильная дорога Р-1 Минск – Дзержинск;'name:ru' не супадае з назвай у Законе
Н-8423;r14416532;Дзямідавічы – Шумшчына – аўтамабільная дарога Н-8402 Вялікія Навасёлкі – Юцкі – Дворышча;Демидовичи – Шумщина – автомобильная дорога Н-8402 Большие Новосёлки – Юцки – Дворище;'name:ru' не супадае з назвай у Законе
Н-8462;r14417735;Бабаевічы – Грыцэвічы – Колкі – садаводчае таварыства "Азярное";Бабаевичи – Грицевичи – Колки – садоводческое товарищество "Озерное";'name:ru' не супадае з назвай у Законе
Н-8506;r14416899;Янавічы – сядзіба "Стралкава";Яновичи – усадьба "Стрелково";'name:ru' не супадае з назвай у Законе
Н-8697;r14417269;Ротань – Буда – аўтамабільная дарога Н-8642 Крупкі – Прошыка;Ротань – Буда – автомобильная дорога Н-8642 Крупки – Прошика;'name:ru' не супадае з назвай у Законе
Н-8759;r14417142;Альхавец – Прысёлкі;Ольховец – Присёлки;'name:ru' не супадае з назвай у Законе
Н-8774;r14417277;Дабрэнева – Беланы – Лагаза – Зялёны Сад;Добренево – Беланы – Логоза – Зелёный Сад;'name:ru' не супадае з назвай у Законе
Н-8777;r14417489;Прысёлкі – Мярковічы;Присёлки – Мерковичи;'name:ru' не супадае з назвай у Законе
Н-8941;r1823594;Заслаўе – Пятрышкі – Радашковічы;Заславль – Петришки – Pадошковичи;'name:ru' не супадае з назвай у Законе
Н-8943;r14416427;Казекава – садаводчае таварыства "Лувр";Казеково – садоводческое товарищество "Лувр";'name:ru' не супадае з назвай у Законе
Н-8960;r14417048;Ратамка – садаводчае таварыства "Машынабудаўнік";Ратомка – садоводческое товарищество "Машиностроитель";'name:ru' не супадае з назвай у Законе
Н-8962;r1825196;Пятрышкі – садаводчае таварыства "Высокае";Петришки – садоводческое товарищество "Высокое";'name:ru' не супадае з назвай у Законе
Н-8979;r1825330;Заслаўе – Зялёнае – садаводчае таварыства "Здароўе-67";Заславль – Зеленое – садоводческое товарищество "Здоровье-67";'name:ru' не супадае з назвай у Законе
Н-8984;r14417638;"М-6/Е 28 Мінск – Гродна – мяжа Рэспублікі Польшча (Брузгі)" – Дзегцяроўка – Яркова;"М-6/Е 28 Минск – Гродно – граница Республики Польша (Брузги)" – Дегтяревка – Ярково;'name:ru' не супадае з назвай у Законе
Н-8985;r14417367;Ляхаўшчына – Новая Вёска;Ляховщина – Новая Вёска;'name:ru' не супадае з назвай у Законе
Н-8986;r14416391;Ермакі – Кісялі – садаводчае таварыства "Колас";Ермаки – Кисели – садоводческое товарищество "Колос";'name:ru' не супадае з назвай у Законе
Н-9006;r14416530;Крыжоўка – САК "Зялёны Бор";Крыжовка – СОК "Зеленый Бор";'name:ru' не супадае з назвай у Законе
Н-9064;r14417954;Глебкавічы – Ліпавая Калода – ваенны гарадок "Волма";Глебковичи – Липовая Колода – военный городок "Волма";'name:ru' не супадае з назвай у Законе
Н-9067;r14418019;Сухарукія – могілкі "Калодзішчы";Сухорукие – кладбище "Колодищи";'name:ru' не супадае з назвай у Законе
Н-9079;r1831599;Валяр'янава – РВЗ "Валяр'янава";Валерьяново – РИЗ "Валерьяново";'name:ru' не супадае з назвай у Законе
Н-9080;r14416529;Дуброўка – садаводчае таварыства "Сонечны";Дубровка – садоводческое товарищество "Солнечный";'name:ru' не супадае з назвай у Законе
Н-9085;r14417473;Садаводчае таварыства "Хадакова" – садаводчае таварыства "Пціч";Садоводческое товарищество "Ходаково" – садоводческое товарищество "Птичь";'name:ru' не супадае з назвай у Законе
Н-9091;r14417222;Маладзечна – Хоўхлава  – Ермакі;Молодечно – Холхлово – Ермаки;'name:ru' не супадае з назвай у Законе
Н-9107;r14394989;Лебедзева – Крэва;Лебедево – Кpево;'name:ru' не супадае з назвай у Законе
Н-9112;r14417238;Маладзечна – Забалацце – Іваноўшчына – ВСБ "Вілія";Молодечно – Заболотье – Ивановщина – УСБ "Вилия";'name:ru' не супадае з назвай у Законе
Н-9119;r9402772;Радашковічы – Загорцы – Карпавічы;Pадошковичи – Загоpцы – Каpповичи;'name:ru' не супадае з назвай у Законе
Н-9148;r14417217;Рашаткі – Самалі – Верадова – садаводчае таварыства "Урэчча";Решетки – Самали – Вередово – садоводческое товарищество "Уречье";'name:ru' не супадае з назвай у Законе
Н-9190;r4148234;Выверы – садаводчае таварыства "Мясата";Выверы – садоводческое товарищество "Мясота";'name:ru' не супадае з назвай у Законе
Н-9193;r14417806;Баяры – Кулікі – Юшкавічы – аўтамабільная дарога Р-27 Браслаў – Паставы – Мядзел;Бояры – Кулики – Юшковичи – автомобильная дорога Р-27 Браслав – Поставы – Мядель;'name:ru' не супадае з назвай у Законе
Н-9200;r14417654;Студзяніца – Старыя Габы – РВЗ "Старыя Габы";Студеница – Старые Габы – РИЗ "Старые Габы";'name:ru' не супадае з назвай у Законе
Н-9206;r14417207;Пількаўшчына – Кашонаўка – Калінаўка – аўтамабільная дарога Р-58 Мінск – Калачы – Мядзел;Пильковщина – Кашоновка – Калиновка – автомобильная дорога Р-58 Минск – Калачи – Мядель;'name:ru' не супадае з назвай у Законе
Н-9254;r14416313;Лушчыкі – Сёмкі – Болькава;Лущики – Сёмки – Больково;'name:ru' не супадае з назвай у Законе
Н-9353;r14417386;Міхайлава – Новы Уборак – садаводчае таварыства "Вяленскі";Михайлово – Новый Уборок – садоводческое товарищество "Веленский";'name:ru' не супадае з назвай у Законе
Н-19372;r14417040;Ліпск – Гарэлец – Ліпнікі – Вомельна;Липск – Горелец – Липники – Омельно;'name:ru' не супадае з назвай у Законе
Н-9427;r14416851;Блужа – садаводчае таварыства "Крынічка";Блужа – садоводческое товарищество "Крыничка";'name:ru' не супадае з назвай у Законе
Н-9431;r14416557;Плітніца – садаводчае таварыства "Мадыкум";Плитница – садоводческое товарищество "Медиум";'name:ru' не супадае з назвай у Законе
Н-9544;r14417969;Смалявічы – Мглё;Смолевичи – Мглё;'name:ru' не супадае з назвай у Законе
Н-9550;r14417396;Смалявічы – Калюга – Чорны Лес;Смолевичи – Калюга – Чёрный Лес;'name:ru' не супадае з назвай у Законе
Н-9586;r14417622;Дзяхань – Зялёны Лужок;Дехань – Зелёный Лужок;'name:ru' не супадае з назвай у Законе
Н-9646;r14417004;Плянта – садаводчае таварыства "Плянта-8";Плянта – садоводческое товарищество "Плянта-8";'name:ru' не супадае з назвай у Законе
Н-9657;r14417551;Дубеі – садаводчае таварыства "Плянта-9";Дубеи – садоводческое товарищество "Плянта-9";'name:ru' не супадае з назвай у Законе
Н-9658;r14416625;Авіны – садаводчае таварыства "Зара-1";Авины – садоводческое товарищество "Заря-1";'name:ru' не супадае з назвай у Законе
Н-9659;r14417407;Іздрашава – садаводчае таварыства "Іздрашава";Издрашево – садоводческое товарищество "Издрашево";'name:ru' не супадае з назвай у Законе
Н-9660;r14416632;Салігорск – садаводчае таварыства "Гарняк-1";Солигорск – садоводческое товарищество "Горняк-1";'name:ru' не супадае з назвай у Законе
Н-9661;r14416626;Садаводчае таварыства "Будаўнік-2" – садаводчае таварыства "Вясёлка-90";Садоводческое товарищество "Строитель-2" – садоводческое товарищество "Радуга-90";'name:ru' не супадае з назвай у Законе
Н-9698;r14417962;Залужжа – Зялёная Дуброва – Новыя Дарогі;Залужье – Зелёная Дуброва – Новые Дороги;'name:ru' не супадае з назвай у Законе
Н-9741;r14416392;Новая Вёска – Варацішча – Асіпаўшчына;Новая Вёска – Воротище – Осиповщина;'name:ru' не супадае з назвай у Законе
Н-9777;r14417674;Тулёнка – Ячонка;Тулёнка – Яченка;'name:ru' не супадае з назвай у Законе
Н-9824;r14416575;Засулле – садаводчае таварыства "Гароднінец" – "аўтамабільная дарога М-1/Е 30 Брэст (Казловічы) – Мінск – мяжа Расійскай Федэрацыі (Рэдзькі)";Засулье – садоводческое товарищество "Овощник" – "автомобильная дорога М-1/Е 30 Брест (Козловичи) – Минск – граница Российской Федерации (Редьки)";'name:ru' не супадае з назвай у Законе
Н-9834;r14416476;Коласава – чыгуначны прыпыначны пункт "Коласава";Колосово – железнодорожный остановочный пункт "Колосово";'name:ru' не супадае з назвай у Законе
Н-9859;r11136354;Каменка – Малая Уса – садаводчае таварыства "Новая Уса";Каменка – Малая Уса – садоводческое товарищество "Новая Усса";'name:ru' не супадае з назвай у Законе
Н-9860;r14417641;Ліцвяны – Макавішчы – Новая Старына – садаводчае таварыства "Анёл";Литвяны – Маковищи – Новая Старина – садоводческое товарищество "Ангел";'name:ru' не супадае з назвай у Законе
Н-9861;r11136353;Ліцвяны – Лісаўшчына – садаводчае таварыства "Лiцвянка";Литвяны – Лисовщина – садоводческое товарищество "Литвянка";'name:ru' не супадае з назвай у Законе
Н-9865;r14417487;Навасады – Рачыца – санаторый "Пад'ельнікі";Новосады – Рачица – санаторий "Подъельники";'name:ru' не супадае з назвай у Законе
Н-9870;r1783010;Заранкова – Госьбішчы – садаводчае таварыства "Ранет";Заранково – Госьбищи – садоводческое товарищество "Ранет";'name:ru' не супадае з назвай у Законе
Н-9878;r14416797;Смолзавод – Сыманчыцы – садаводчае таварыства "Сыманчыцы-2";Смолзавод – Сымончицы – садоводческое товарищество "Сымончицы-2";'name:ru' не супадае з назвай у Законе
Н-9937;r14417478;Ягодка – Крываполле – садаводчае таварыства "Крыніца";Ягодка – Кривополье – садоводческое товарищество "Криница";'name:ru' не супадае з назвай у Законе
Н-9975;r14417298;Клінок – садаводчае таварыства "Клінок";Клинок – садоводческое товарищество "Клинок";'name:ru' не супадае з назвай у Законе
Н-9983;r14416415;Кулікі – Выжары – садаводчае таварыства "Кавалі";Кулики – Выжары – садоводческое товарищество "Ковали";'name:ru' не супадае з назвай у Законе
Н-10016;r14422951;Заполле – Падзевічы – Ксавярова-Аксенькавічы;Заполье – Падевичи – Ксаверово-Аксеньковичи;'name:ru' не супадае з назвай у Законе
Н-10108;r14422626;Пабокавічы – Брожка – Туголіца – аўтамабільная дарога Р-55 Бабруйск – Глуск – Любань – Гулевічы (да аўтамабільнай дарогі Р-23);Побоковичи – Брожка – Туголица – автомобильная дорога Р-55 Бобруйск – Глуск – Любань – Гулевичи (до автомобильной дороги Р-43);'name:ru' не супадае з назвай у Законе
Н-10110;r14422586;Гарохаўка – Ясёны – аўтамабільная дарога Н-10077 Глуша – Макараўка – Гарохаўка;Гороховка – Ясены – автомобильная дорога Н-10077 Глуша – Макаровка – Гороховка;'name:ru' не супадае з назвай у Законе
Н-10113;r14422634;Ламы – Сяліба – Даманова – аўтамабільная дарога Р-31 Бабруйск (ад аўтамабільнай дарогі М-5/Е 271) – Мазыр – мяжа Украіны (Новая Рудня);Ломы – Селиба – Доманово – автомобильная дорога Р-31 Бобруйск (от автомобильной дороги М-5/Е 271) – Мозырь – граница Украины (Новая Рудня);'name:ru' не супадае з назвай у Законе
Н-10119;r14422904;Восава – чыгуначны прыпыначны пункт "Такары";Осово – железнодорожный остановочный пункт "Токари";'name:ru' не супадае з назвай у Законе
Н-10126;r14422587;Багушоўка – Харошыя – аўтамабільная дарога Р-55 Бабруйск – Глуск – Любань – Гулевічы (да аўтамабільнай дарогі Р-23);Богушовка – Хорошие – автомобильная дорога Р-55 Бобруйск – Глуск – Любань – Гулевичи (до автомобильной дороги Р-43);'name:ru' не супадае з назвай у Законе
Н-10129;r14422978;Цялуша – чыгуначны прыпыначны пункт "331 км" чыгункі Мінск – Гомель;Телуша – железнодорожный остановочный пункт "331 км" железной дороги Минск – Гомель;'name:ru' не супадае з назвай у Законе
Н-10189;r14422953;Чачэвічы – турбаза "Радуга" – Грудзічына;Чечевичи – турбаза "Радуга" – Грудичино;'name:ru' не супадае з назвай у Законе
Н-10231;r14422553;Глуск (ад аўтамабільнай дарогі Р-55 Бабруйск – Глуск – Любань – Гулевічы (да аўтамабільнай дарогі Р-23)) – Засценак Усцярхі – Зелянковічы;Глуск (от автомобильной дороги Р-55 Бобруйск – Глуск – Любань – Гулевичи (до автомобильной дороги Р-23)) – Застенок Устерхи – Зеленковичи;'name:ru' не супадае з назвай у Законе
Н-10236;r14422679;Даколь (ад аўтамабільнай дарогі Р-55 Бабруйск – Глуск – Любань – Гулевічы (да аўтамабільнай дарогі Р-23)) – Клетнае;Доколь (от автомобильной дороги Р-55 Бобруйск – Глуск – Любань – Гулевичи (до автомобильной дороги Р-23)) – Клетное;'name:ru' не супадае з назвай у Законе
Н-10243;r14422676;Турыно (ад аўтамабільнай дарогі Р-55 Бабруйск – Глуск – Любань – Гулевічы (да аўтамабільнай дарогі Р-23)) – Карніца – Слабодка;Турино (от автомобильной дороги Р-55 Бобруйск – Глуск – Любань – Гулевичи (до автомобильной дороги Р-23)) – Карница – Слободка;'name:ru' не супадае з назвай у Законе
Н-10244;r14422686;Зарэчча (ад аўтамабільнай дарогі Р-55 Бабруйск – Глуск – Любань – Гулевічы (да аўтамабільнай дарогі Р-23)) – Балашэвічы (да аўтамабільнай дарогі Н-10231 Глуск (ад аўтамабільнай дарогі Р-55 Бабруйск – Глуск – Любань – Гулевічы (да аўтамабільнай дарогі Р-2…;Заречье (от автомобильной дороги Р-55 Бобруйск – Глуск – Любань – Гулевичи (до автомобильной дороги Р-23)) – Балашевичи (до автомобильной дороги Н-10231 Глуск (от автомобильной дороги Р-55 Бобруйск – Глуск – Любань – Гулевичи (до автомобильной дороги Р-2…;'name:ru' не супадае з назвай у Законе
Н-10319;r14422663;Шарыпы Малыя – Маралёўка;Шарипы Малые – Моралёвка;'name:ru' не супадае з назвай у Законе
Н-10481;r11136525;аўтамабільная дарога Р-118 Любонічы (ад аўтамабільнай дарогі Р-62) – Кіраўск – вёска Пацава Слабада;автомобильная дорога Р-118 Любоничи (от автомобильной дороги Р-62) – Кировск – деревня Пацева Слобода;'name:ru' не супадае з назвай у Законе
Н-10607;r11136596;Доўгае – Даўжанка – Ядраная Слабада – чыгуначны прыпыначны пункт "Мілое";Долгое – Должанка – Ядреная Слобода – железнодорожный остановочный пункт "Милое";'name:ru' не супадае з назвай у Законе
Н-10778;r14422464;Пад'езд да пасёлка Лесавы ад аўтамабільнай дарогі Н-10785 Яноўка-Галузы;Подъезд к посёлку Лесовой от автомобильной дороги Н-10785 Яновка-Галузы;'name:ru' не супадае з назвай у Законе
Н-10780;r14422463;аўтамабільная дарога Р-74 Чэрыкаў – Краснаполле – Хоцімск – мяжа Расійскай Федэрацыі (Горня) – гарадскі пасёлак Краснаполле;автомобильная дорога Р-74 Чериков – Краснополье – Хотимск – граница Российской Федерации (Горня) – городской посёлок Краснополье;'name:ru' не супадае з назвай у Законе
Н-10831;r14423071;Беражыстае – Бель – 1;Бережистое – Бель – 1;'name:ru' не супадае з назвай у Законе
Н-10833;r14422380;Сакольнічы – аўтамабільная дарога Н-10834 Крычаў – Паклады;Сокольничи – автомобильная дорога Н-10834 Кричев – Поклады;'name:ru' не супадае з назвай у Законе
Н-10872;r14422720;Сетнае-Горкі;Сетное-Горки;'name:ru' не супадае з назвай у Законе
Н-10901;r14422921;Круглае – Слаўнае;Круглое – Славное;'name:ru' не супадае з назвай у Законе
Н-10995;r14422595;Завадская Слабада – чыгуначны прыпыначны пункт "Хонава";Заводская Слобода – железнодорожный остановочный пункт "Хоново";'name:ru' не супадае з назвай у Законе
Н-11002;r14423016;Могилёв – Ямніца;Могилёв – Ямница;'name:ru' не супадае з назвай у Законе
Н-11004;r14422457;Станцыя Вендрыж – Бялевічы – чыгуначны прыпыначны пункт "Семуковічы" – Алень;Станция Вендриж – Белевичи – железнодорожный остановочный пункт "Семуковичи" – Олень;'name:ru' не супадае з назвай у Законе
Н-11016;r14422594;Завадская Слабада – Каменка – Арлянка – Астраўшчына – чыгуначны прыпыначны пункт "Семуковічы";Заводская Слобода – Каменка – Орлянка – Островщина – железнодорожный остановочный пункт "Семуковичи";'name:ru' не супадае з назвай у Законе
Н-11039;r14422721;Семукачы – чыгуначны прыпыначны пункт "Сінюга" – Вялікае Запаточча;Семукачи – железнодорожный остановочный пункт "Синюга" – Большое Запоточье;'name:ru' не супадае з назвай у Законе
Н-11129;r14422865;Чыгуначны прыпыначны пункт "Краснаручча" – Басценавічы – Белы Мох – Падсолтава;Железнодорожный остановочный пункт "Красноручье" – Бастеновичи – Белый Мох – Подсолтово;'name:ru' не супадае з назвай у Законе
Н-11216;r14422575;Цэль – санаторый "Лапічы";Цель – санаторий "Лапичи";'name:ru' не супадае з назвай у Законе
Н-11236;r14422538;Чыгуначны прыпыначны пункт "Ясень" – Люлева;Железнодорожный остановочный пункт "Ясень" – Люлево;'name:ru' не супадае з назвай у Законе
Н-11290;r14422577;Слаўгарад – Карма (да мяжы Магілёўскай вобласці);Славгород – Корма (до границы Могилёвской области);'name:ru' не супадае з назвай у Законе
Н-11293;r14422764;аўтамабільная дарога Н-11280 Ходараў – Целяшы – Улукі – вёска Закрупец;автомобильная дорога Н-11280 Ходорово – Телеши – Улуки – деревня Закрупец;'name:ru' не супадае з назвай у Законе
Н-11353;r14422925;Хоцімск – Ліпаўка – Гаўрылаўка-мяжа Расійскай Федэрацыі;Хотимск – Липовка – Гавриловка-граница Российской Федерации;'name:ru' не супадае з назвай у Законе
Н-11366;r14422826;Баханы – аўтамабільная дарога Н-11354 Хоцімск – Батаева – Іўкіна;Боханы – автомобильная дорога Н-11354 Хотимск – Батаево – Ивкино;'name:ru' не супадае з назвай у Законе
Н-11370;r14422556;Трасціно – автомобильная дорога Н-11355 Трасціно – Ельня;Тростино – автомобильная дорога Н-11355 Тростино – Ельня;'name:ru' не супадае з назвай у Законе
Н-11379;r14422812;Дубраўка – аўтамабільная дарога Н-11364 Князеўка – Ліпакі;Дубровка – автомобильная дорога Н-11364 Князевка – Липаки;'name:ru' не супадае з назвай у Законе
Н-11429;r14422384;Хонькавічы – Пілешчына – аўтамабільная дарога Р-96/П 1 Пад'езд да горада Чавусы ад аўтамабільнай дарогі Р-96;Хоньковичи – Пилещино – автомобильная дорога Р-96/П 1 Подъезд к городу Чаусы от автомобильной дороги Р-96;'name:ru' не супадае з назвай у Законе
Н-11449;r14422838;Пуцькі – аўтамабільная дарога Н-11431 Чавусы – Заложжа;Путьки – автомобильная дорога Н-11431 Чаусы – Заложье;'name:ru' не супадае з назвай у Законе
Н-11450;r14422730;аўтамабільная дарога Р-138 Чавусы – Слаўгарад (да аўтамабільнай дарогі Р-71) – вёска Залессе;автомобильная дорога Р-138 Чаусы – Славгород (до автомобильной дороги Р-71) – деревня Залесье;'name:ru' не супадае з назвай у Законе
Н-11456;r14422431;Асінаўка – аўтамабільная дарога Н-11446 Бынава – Чыгрынаўка – Кроткі;Осиновка – автомобильная дорога Н-11446 Быново – Чигриновка – Кротки;'name:ru' не супадае з назвай у Законе
Н-11509;r14422377;аўтамабільная дарога Р-122 Магілёў – Чэрыкаў – Касцюковічы – вёска Шчацінка;автомобильная дорога Р-122 Могилев – Чериков – Костюковичи – деревня Щетинка;'name:ru' не супадае з назвай у Законе
Н-11585;r14423020;Садаводчае таварыства "Буравік" – Барсукі – Бушлякі;Садоводческое товарищество "Буровик" – Барсуки – Бушляки;'name:ru' не супадае з назвай у Законе
Н-11614;r14422901;аўтамабільная дарога Р-121 Шклоў – Круглае – вёска Шчацінка;автомобильная дорога Р-121 Шклов – Круглое – деревня Щетинка;'name:ru' не супадае з назвай у Законе
Н-11621;r14422494;Шклоў – садаводчае таварыства "Лянок-Шклоў";Шклов – садоводческое товарищество "Ленок-Шклов";'name:ru' не супадае з назвай у Законе
Н-20003;r11635003;Пад'езд да свінакомплексу "Рымуцеўцы" ад аўтамабільнай дарогі Н-6237 Вялікія Эйсманты – Станявічы;Подъезд к свинокомплексу "Рымутевцы" от автомобильной дороги Н-6237 Большие Эйсмонты – Станевичи;'name:ru' не супадае з назвай у Законе
Н-20004;r11635002;Пад'езд да жывотнаводчага комплексу "Рымуцеўцы" ад аўтамабільнай дарогі Н-6237 Вялікія Эйсманты – Станявічы;Подъезд к животноводческому комплексу "Рымутевцы" от автомобильной дороги Н-6237 Большие Эйсмонты – Станевичи;'name:ru' не супадае з назвай у Законе
Н-20006;r11988421;Пад'езд да жывёлагадоўчага комплексу "Данілаўцы" ад аўтамабільнай дарогі Н-7000 Крываносаўцы – Лозы – Плябанаўцы – Данілаўцы;Подъезд к животноводческому комплексу "Даниловцы" от автомобильной дороги Н-7000 Кривоносовцы – Лозы – Плебановцы – Даниловцы;'name:ru' не супадае з назвай у Законе
Н-20012;r11988420;Пад'езд да жывёлагадоўчага комплексу "Дубаўцы" ад аўтамабільнай дарогі Н-6303 Ваўкавыск – Плябанаўцы – Дубаўцы;Подъезд к животноводческому комплексу "Дубовцы" от автомобильной дороги Н-6303 Волковыск – Плебановцы – Дубовцы;'name:ru' не супадае з назвай у Законе
Н-20024;r11639309;Падъезд да дзіцячага аздараўленчага лагеру "Бераставіцкі" ад аўтамабільнай дарогі Р-100 Масты – Вялікая Бераставіца;Подъезд к детскому оздоровительному лагерю "Берестовицкий" от автомобильной дороги Р-100 Мосты – Большая Берестовица;'name:ru' не супадае з назвай у Законе
Н-20039;r2725746;Пад'езд да фермы "Лебяда" ад аўтамабільнай дарогі Н-6170 Мажэйкава – Радзівонішкі – Белагруда;Подъезд к ферме "Лебеда" от автомобильной дороги Н-6170 Можейково – Радивонишки – Белогруда;'name:ru' не супадае з назвай у Законе
Н-20047;r11988419;Пад'езд да санаторыя "Пралеска" ад аўтамабільнай дарогі Н-6303 Ваўкавыск – Плябанаўцы – Дубаўцы;Подъезд к санаторию "Пралеска" от автомобильной дороги Н-6303 Волковыск – Плебановцы – Дубовцы;'name:ru' не супадае з назвай у Законе
Н-20056;r12734123;Пад'езд да жывёлагадоўчага комплексу "Рыдзялі" ад аўтамабільнай дарогі Н-6568 Табала – Рыдзялі;Подъезд к животноводческому комплексу "Рыдели" от автомобильной дороги Н-6568 Табола – Рыдели;'name:ru' не супадае з назвай у Законе
Н-20057;r12797702;Пад'езд да жывёлагадоўчага комплексу "Лаша" ад аўтамабільнай дарогі Н-6051 Кавалічы – Лаша – Сухая Даліна – Літвінкі;Подъезд к животноводческому комплексу "Лаша" от автомобильной дороги Н-6051 Коваличи – Лаша – Сухая Долина – Литвинки;'name:ru' не супадае з назвай у Законе
Н-20059;r12797701;Пад'езд да жывёлагадоўчага комплексу "Луцкаўляны" ад аўтамабільнай дарогі Н-6039 Луцкаўляны – Рагачы – Няцечы;Подъезд к животноводческому комплексу "Луцковляны" от автомобильной дороги Н-6039 Луцковляны – Рогачи – Нетечи;'name:ru' не супадае з назвай у Законе
Н-20067;r12734122;Пад'езд да жывёлагадоўчага комплексу "Будоўля" ад аўтамабільнай дарогі Н-6040 Цукаркамбінат – Плавы – Абухава;Подъезд к животноводческому комплексу "Будовля" от автомобильной дороги Н-6040 Сахкомбинат – Плавы – Обухово;'name:ru' не супадае з назвай у Законе
Н-20075;r12734121;Пад'езд да жывёлагадоўчага комплексу "Абуховічы" ад аўтамабільнай дарогі Н-6415 Абуховічы – Жытомля – Машталеры – Пыра;Подъезд к животноводческому комплексу "Обуховичи" от автомобильной дороги Н-6415 Обуховичи – Житомля – Машталеры – Пыра;'name:ru' не супадае з назвай у Законе
Н-20076;r12734120;Пад'езд да садаводчага таварыства "Светлячок" ад аўтамабільнай дарогі Н-20392 Жукевічы – Гарны;Подъезд к садоводческому товариществу "Светлячок" от автомобильной дороги Н-20392 Жукевичи – Горны;'name:ru' не супадае з назвай у Законе
Н-20079;r2717734;Пад'езд да філіяла "Мастоўскі кумпячок"ад аўтамабільнай дарогі Н-7747 Дубна – Княжаводцы да аўтамабільнай дарогі Р-41 Слонім – Масты – Скідзель – мяжа Літоўскай Рэспублікі (Парэчча);Подъезд к филиалу "Мостовский кумпячок" от автомобильной дороги Н-7747 Дубно – Княжеводцы до автомобильной дороги Р-41 Слоним – Мосты – Скидель – граница Литовской Республики (Поречье);'name:ru' не супадае з назвай у Законе
Н-20131;r11639301;Пад'езд да фермы "Макараўцы" ад аўтамабільнай дарогі Н-6000 Індура – Глебавічы – Лішкі;Подъезд к ферме "Макаровцы" от автомобильной дороги Н-6000 Индура – Глебовичи – Лишки;'name:ru' не супадае з назвай у Законе
Н-20160;r11992251;Пад'езд да аграгарадка Дубаўцы ад аўтамабільнай дарогі Н-20012 Пад'езд да жывёлагадоўчага комплексу "Дубаўцы" ад аўтамабільнай дарогі Н-6303 Ваўкавыск – Плябанаўцы – Дубаўцы;Подъезд к агрогородку Дубовцы от автомобильной дороги Н-20012 Подъезд к животноводческому комплексу "Дубовцы" от автомобильной дороги Н-6303 Волковыск – Плебановцы – Дубовцы;'name:ru' не супадае з назвай у Законе
Н-20166;r12734119;Пад'езд да турбазы "Хімік" ад аўтамабільнай дарогі Н-6036 Азёры – аздараўленчы лагер "Бярозка";Подъезд к турбазе "Химик" от автомобильной дороги Н-6036 Озеры – оздоровительный лагерь "Березка";'name:ru' не супадае з назвай у Законе
Н-20230;r14972818;Грынкі – садаводчае таварыства "Рэпка";Гринки – садоводческое товарищество "Репка";'name:ru' не супадае з назвай у Законе
Н-20231;r14975778;Сакалова – садаводчае таварыства "Здароўе";Соколово – садоводческое товарищество "Здоровье";'name:ru' не супадае з назвай у Законе
Н-20280;r13884462;Мижево – ферма "Мижево";Мижево – ферма "Мижево";'name:ru' не супадае з назвай у Законе
Н-20286;r2716969;Пацавічы – ферма "Пацавічы";Пацевичи – ферма "Пацевичи";'name:ru' не супадае з назвай у Законе
Н-20294;r2717657;Вялікія Азёркі – комплекс "Вялікія Азёркі";Большие Озёрки – комплекс "Большие Озёрки";'name:ru' не супадае з назвай у Законе
Н-20305;r2717685;Пад'езд да фермы "Навінка" ад аўтамабільнай дарогі Р-41 Слонім – Масты – Скідзель – мяжа Літоўскай Рэспублікі (Парэчча);Подъезд к ферме "Новинка" от автомобильной дороги Р-41 Слоним – Мосты – Скидель – граница Литовской Республики (Поречье);'name:ru' не супадае з назвай у Законе
Н-20336;r14757631;Пад'езд да кар'ера "Вострыя Горы" ад аўтамабільнай дарогі Н-20325 Зарачаны – Грынявічы;Подъезд к карьеру "Острые Горы" от автомобильной дороги Н-20325 Заречане – Гриневичи;'name:ru' не супадае з назвай у Законе
Н-20388;r12748743;Пад'езд да садоводчага таварыства "Вішня" ад аўтамабільнай дарогі Н-6518 Дабравольшчына – Караліно – Тарусічы – Гродна;Подъезд к садоводческому товариществу "Вишня" от автомобильной дороги Н-6518 Добровольщина – Каролино – Тарусичи – Гродно;'name:ru' не супадае з назвай у Законе
Н-20389;r12748742;Пад'езд да садаводчага таварыства "Мерыдыян" ад аўтамабільнай дарогі Н-6518 Дабравольшчына – Караліно – Тарусічы – Гродна;Подъезд к садоводческому товариществу "Меридиан" от автомобильной дороги Н-6518 Добровольщина – Каролино – Тарусичи – Гродно;'name:ru' не супадае з назвай у Законе
Н-20390;r12748741;Пад'езд да садаводчага таварыства "Азот" ад аўтамабільнай дарогі Н-6453 Возера Юбілейнае – мяжа Рэспублікі Польшча;Подъезд к садоводческому товариществу "Азот" от автомобильной дороги Н-6453 Озеро Юбилейное – граница Республики Польша;'name:ru' не супадае з назвай у Законе
Н-20391;r12797700;Пад'езд да садаводчага таварыства "Гарант" ад аўтамабільнай дарогі Р-99 Баранавічы – Ваўкавыск – Пагранічны – Гродна;Подъезд к садоводческому товариществу "Гарант" от автомобильной дороги Р-99 Барановичи – Волковыск – Пограничный – Гродно;'name:ru' не супадае з назвай у Законе
Н-20393;r12748739;Пад'езд да садаводчага таварыства "Торгмаш" ад аўтамабільнай дарогі Р-44 Гродна – Ружаны – Івацэвічы;Подъезд к садоводческому товариществу "Торгмаш" от автомобильной дороги Р-44 Гродно – Ружаны – Ивацевичи;'name:ru' не супадае з назвай у Законе
Н-20394;r12797699;Пад'езд да садаводчага таварыства "Чыстыя Пруды" ад аўтамабільнай дарогі Н-6038 Гродна – Старадубавая – Адэльск;Подъезд к садоводческому товариществу "Чистые Пруды" от автомобильной дороги Н-6038 Гродно – Стародубовая – Одельск;'name:ru' не супадае з назвай у Законе
Н-20401;r13238530;Пад'езд да садаводчага таварыства "Будаўнік" ад аўтамабільнай дарогі Н-6061 Зэльва – Галынка – Вострава;Подъезд к садоводческому товариществу "Строитель" от автомобильной дороги Н-6061 Зельва – Голынка – Острово;'name:ru' не супадае з назвай у Законе
Н-20402;r13238529;Пад'езд да садаводчага таварыства "Колас", "Бярозка" ад аўтамабільнай дарогі Н-6061 Зэльва – Галынка – Вострава;Подъезд к садоводческому товариществу "Колос", "Березка" от автомобильной дороги Н-6061 Зельва – Голынка – Острово;'name:ru' не супадае з назвай у Законе
Н-20409;r12327429;Пад'езд да садаводчага таварыства "Кааператар", "Механізатар" ад аўтамабільнай дарогі Н-7350 Пад'езд да вёскі Таўзгіняны, Баяры ад аўтамабільнай дарогі Н-6419 Воранава – Паляцкішкі;Подъезд к садоводческому товариществу "Кооператор", "Механизатор" от автомобильной дороги Н-7350 Подъезд к деревне Товзгиняны, Бояры от автомобильной дороги Н-6419 Вороново – Полецкишки;'name:ru' не супадае з назвай у Законе
Н-20410;r12327428;Пад'езд да садаводчага таварыству "Дубкі", "Прамень", "Вішня", "Бярозка" ад аўтамабільнай дарогі Н-7350 Пад'езд да вёскі Таўзгіняны, Баяры ад аўтамабільнай дарогі Н-6419 Воранава – Паляцкішкі;Подъезд к садоводческому товариществу "Дубки", "Луч", "Вишня", "Березка" от автомобильной дороги Н-7350 Подъезд к деревне Товзгиняны, Бояры от автомобильной дороги Н-6419 Вороново – Полецкишки;'name:ru' не супадае з назвай у Законе
Н-20411;r12327427;Пад'езд да садаводчага таварыства "Чабарок" ад аўтамабільнай дарогі Н-6108 Воранава – Навіянка – Утканы;Подъезд к садоводческому товариществу "Чаборок" от автомобильной дороги Н-6108 Вороново – Новиянка – Утканы;'name:ru' не супадае з назвай у Законе
Н-20412;r12327426;Пад'езд да садаводчага таварыству "Меліяратар", "Крыніца" ад аўтамабільнай дарогі Н-6108 Воранава – Навіянка – Утканы;Подъезд к садоводческому товариществу "Мелиоратор", "Родник" от автомобильной дороги Н-6108 Вороново – Новиянка – Утканы;'name:ru' не супадае з назвай у Законе
Н-20413;r12327425;Пад'езд да садаводчага таварыству "Сосны" ад аўтамабільнай дарогі Н-6105 Воранава – Тракелі;Подъезд к садоводческому товариществу "Сосны" от автомобильной дороги Н-6105 Вороново – Трокели;'name:ru' не супадае з назвай у Законе
Н-20416;r15100624;Пад'езд да садаводчага таварыства "Сілікатчык" ад аўтамабільнай дарогі Р-106 Маладзечна – Смаргонь;Подъезд к садоводческому товариществу "Силикатчик" от автомобильной дороги Р-106 Молодечно – Сморгонь;'name:ru' не супадае з назвай у Законе
Н-20417;r15100623;Пад'езд да садаводчага таварыства "Дружба" ад аўтамабільнай дарогі Р-106 Маладзечна – Смаргонь;Подъезд к садоводческому товариществу "Дружба" от автомобильной дороги Р-106 Молодечно – Сморгонь;'name:ru' не супадае з назвай у Законе
Н-20418;r15100622;Пад'езд да садаводчага таварыства "Лугавое" ад аўтамабільнай дарогі Р-106 Маладзечна – Смаргонь;Подъезд к садоводческому товариществу "Луговое" от автомобильной дороги Р-106 Молодечно – Сморгонь;'name:ru' не супадае з назвай у Законе
Н-20419;r15100621;Пад'езд да садаводчага таварыства "Аўтамабіліст" ад аўтамабільнай дарогі Р-95 Лынтупы – Свір – Смаргонь – Крэва – Гальшаны;Подъезд к садоводческому товариществу "Автомобилист" от автомобильной дороги Р-95 Лынтупы – Свирь – Сморгонь – Крево – Гольшаны;'name:ru' не супадае з назвай у Законе
Н-20420;r15256317;Пад'езд да садаводчага таварыства "Квант1", "Станкабудаўнік" ад аўтамабільнай дарогі Н-7989 Хацені – Гавуці;Подъезд к садоводческому товариществу "Квант1", "Станкостроитель" от автомобильной дороги Н-7989 Хотени – Гаути;'name:ru' не супадае з назвай у Законе
Н-20421;r15256316;Пад'езд да садаводчага таварыства "Сонечная палянка", "Квант" ад аўтамабільнай дарогі Р-63 Барысаў – Вілейка – Ашмяны;Подъезд к садоводческому товариществу "Солнечная поляна", "Квант" от автомобильной дороги Р-63 Борисов – Вилейка – Ошмяны;'name:ru' не супадае з назвай у Законе
Н-20422;r15256315;Пад'езд да садаводчага таварыства "Саланг" ад аўтамабільнай дарогі Н-7922 Пад'езд да вёскі Завелле ад аўтамабільнай дарогі Р-63 Барысаў – Вілейка – Ашмяны;Подъезд к садоводческому товариществу "Саланг" от автомобильной дороги Н-7922 Подъезд к деревне Завелье от автомобильной дороги Р-63 Борисов – Вилейка – Ошмяны;'name:ru' не супадае з назвай у Законе
Н-20423;r15256314;Пад'езд да садаводчага таварыства "Станкабудаўнік", "Будаўнік", "Лясное" ад аўтамабільнай дарогі Н-6478 Смаргонь – Дзевятні – Жодзішкі;Подъезд к садоводческому товариществу "Станкостроитель", "Строитель", "Лесное" от автомобильной дороги Н-6478 Сморгонь – Девятни – Жодишки;'name:ru' не супадае з назвай у Законе
Н-20424;r13238528;Пад'езд да садаводчага таварыства "Медык", "Энергетык", "Зэльвянка" ад аўтамабільнай дарогі Н-6061 Зэльва – Галынка – Вострава;Подъезд к садоводческому товариществу "Медик", "Энергетик", "Зельвянка" от автомобильной дороги Н-6061 Зельва – Голынка – Острово;'name:ru' не супадае з назвай у Законе
Н-20426;r15256313;Пад'езд да садаводчага таварыства "Рачное" ад аўтамабільнай дарогі Н-6010 Рымдзюны – Солы;Подъезд к садоводческому товариществу "Речное" от автомобильной дороги Н-6010 Рымдюны – Солы;'name:ru' не супадае з назвай у Законе
Н-20427;r15256312;Пад'езд да садаводчага таварыства "Рэчанька" ад аўтамабільнай дарогі Н-6010 Рымдзюны – Солы;Подъезд к садоводческому товариществу "Реченька" от автомобильной дороги Н-6010 Рымдюны – Солы;'name:ru' не супадае з назвай у Законе
Н-20428;r15256311;Пад'езд да садаводчага таварыства "Журавінка" ад аўтамабільнай дарогі Р-95 Лынтупы – Свір – Смаргонь – Крэва – Гальшаны;Подъезд к садоводческому товариществу "Журавинка" от автомобильной дороги Р-95 Лынтупы – Свирь – Сморгонь – Крево – Гольшаны;'name:ru' не супадае з назвай у Законе
Н-20436;r9281284;Феліксава – ферма "Новае стагоддзе";Феликсово – ферма "Новый век";'name:ru' не супадае з назвай у Законе
Н-20456;r14582756;Пад'езд да садаводчага таварыства "Баранаўка" ад вуліцы Зорная горада Астравец;Подъезд к садоводческому товариществу "Барановка" от улицы Зорная города Островец;'name:ru' не супадае з назвай у Законе
Н-20457;r14582755;Пад'езд да садаводчага таварыства "Каменка" ад аўтамабільнай дарогі Н-6880 Слабодка – Дзягенева – Індрубка;Подъезд к садоводческому товариществу "Каменка" от автомобильной дороги Н-6880 Слободка – Дегенево – Индрубка;'name:ru' не супадае з назвай у Законе
Н-20492;r14669844;Пад'езд да садаводчага таварыства "Васілёк" ад аўтамабільнай дарогі Р-146 Ашмяны – Клявіца – мяжа Літоўскай Рэспублікай (Клявіца);Подъезд к садоводческому товариществу "Василек" от автомобильной дороги Р-146 Ошмяны – Клевица – граница Литовской Республики (Клевица);'name:ru' не супадае з назвай у Законе
Н-20494;r14394618;Пад'езд да кар'ера "Баранцы" ад аўтамабільнай дарогі Н-7120 Нарбуты – Кісялёва – Баранцы;Подъезд к карьеру "Баранцы" от автомобильной дороги Н-7120 Нарбуты – Киселево – Баранцы;'name:ru' не супадае з назвай у Законе
Н-20495;r14672900;Пад'езд да садаводчага таварыства "Чаромушкі" ад аўтамабільнай дарогі М-7/Е 28 Мінск – Ашмяны – мяжа Літоўскай Рэспублікі (Каменны Лог);Подъезд к садоводческому товариществу "Черемушки" от автомобильной дороги М-7/Е 28 Минск – Ошмяны – граница Литовской Республики (Каменный Лог);'name:ru' не супадае з назвай у Законе
Н-20501;r14672899;Пад'езд да садаводчага таварыства "Лясная паляна" ад аўтамабільнай дарогі Р-48 Варона – Ашмяны – Юрацішкі – Іўе;Подъезд к садоводческому товариществу "Лесная поляна" от автомобильной дороги Р-48 Ворона – Ошмяны – Юратишки – Ивье;'name:ru' не супадае з назвай у Законе
Н-20504;r14672898;Пад'езд да садаводчага таварыства "Дубрава" ад аўтамабільнай дарогі Р-48 Варона – Ашмяны – Юрацішкі – Іўе;Подъезд к садоводческому товариществу "Дубрава" от автомобильной дороги Р-48 Ворона – Ошмяны – Юратишки – Ивье;'name:ru' не супадае з назвай у Законе
Н-20578;r14672896;Гальшаны – Малочнатаварная ферма "Гальшаны";Гольшаны – Молочно-товарная ферма "Гольшаны";'name:ru' не супадае з назвай у Законе
Н-20583;r13077712;Пад'езд да вёскі Бубны ад аўтамабільнай дарогі Н-6006 Навагрудак – Боцкавічы – санаторый "Радон";Подъезд к деревне Бубны от автомобильной дороги Н-6006 Новогрудок – Боцковичи – санаторий "Радон";'name:ru' не супадае з назвай у Законе
Н-20598;r13080904;Пад'езд да вёскі Яцукі ад аўтамабільнай дарогі Н-6006 Навагрудак – Боцкавічы – санаторый "Радон";Подъезд к деревне Яцуки от автомобильной дороги Н-6006 Новогрудок – Боцковичи – санаторий "Радон";'name:ru' не супадае з назвай у Законе
Н-22028;r14416771;Пад'езд да садаводчага таварыства "Дубрава" ад аўтамабільнай дарогі Н-9841 Узда – Цялякава – Гарбаты;Подъезд к садоводческому товариществу "Дубрава" от автомобильной дороги Н-9841 Узда – Теляково – Горбаты;'name:ru' не супадае з назвай у Законе
Н-22038;r14417039;Пад'езд да вёскі Валяр'яны ад аўтамабільнай дарогі Н9846 Валяр'яны – Хатляны – Валок;Подъезд к деревне Валерьяны от автомобильной дороги Н9846 Валерьяны – Хотляны – Волок;'name:ru' не супадае з назвай у Законе
Н-22055;r14416484;Пад'езд да пасёлка Каменка ад аўтамабільнай дарогі Н-9859 Каменка – Малая Уса – садаводчае таварыства "Новая Уса";Подъезд к посёлку Каменка от автомобильной дороги Н-9859 Каменка – Малая Уса – садоводческое товарищество "Новая Усса";'name:ru' не супадае з назвай у Законе
Н-22085;r14416279;Пад'езд да аграгарадка Хатляны ад аўтамабільнай дарогі Н23458 Чырвоная Горка – Габрыелеўка;Подъезд к агрогородку Хотляны от автомобильной дороги Н23458 Красная Горка – Габриелевка;'name:ru' не супадае з назвай у Законе
Н-22764;r11136364;Баяры – садаводчае таварыства "Цішыня";Бояры – садоводческое товарищество "Тишина";'name:ru' не супадае з назвай у Законе
Н-23152;r14417363;Сінія Горы – ваенны гарадок "Дуброва";Синие Горы – военный городок "Дуброва";'name:ru' не супадае з назвай у Законе
Н-23156;r14417609;Ляды – садаводчае таварыства "Факел";Ляды – садоводческое товарищество "Факел";'name:ru' не супадае з назвай у Законе
Н-23157;r14416278;Дубраўка – садаводчае таварыства "Атлант";Дубровка – садоводческое товарищество "Атлант";'name:ru' не супадае з назвай у Законе
Н-23163;r1793563;Волма – садаводчае таварыства "Вежа";Волма – садоводческое товарищество "Вежа";'name:ru' не супадае з назвай у Законе
Н-23165;r14416578;Быкачына – садаводчае таварыства "Быкачына";Быкачино – садоводческое товарищество "Быкачено";'name:ru' не супадае з назвай у Законе
Н-23203;r14417627;Пад'езд да вёскі Узбярэжжа ад аўтамабільнай дарогі Н-9544 Смалявічы – Мглё;Подъезд к деревне Узбережье от автомобильной дороги Н-9544 Смолевичи – Мглё;'name:ru' не супадае з назвай у Законе
Н-23456;r14417846;Лоша – садаводчае таварыства "Сосна";Лоша – садоводческое товарищество "Сосна";'name:ru' не супадае з назвай у Законе
Н-23458;r14416671;Чырвоная Горка – Габрыелеўка;Красная Горка – Габриелевка;'name:ru' не супадае з назвай у Законе
Н-24078;r14416450;Пад'езд да ДУ "Грозаўскі псіханеўралагічны дом інтэрнат" ад аўтамабільнай дарогі Н-8540 Капыль – Грэск праз Грозава;Подъезд к ГУ "Грозовский психоневрологический дом интернат" от автомобильной дороги Н-8540 Копыль – Греск через Грозово;'name:ru' не супадае з назвай у Законе
Н-24111;r14416289;Пад'езд да помніка "Пагранзастава" ад аўтамабільнай дарогі Н-8563 Браткава – Дзягцяныя – Заракаўцы;Подъезд к памятнику "Погранзастава" от автомобильной дороги Н-8563 Братково – Дегтяные – Зараковцы;'name:ru' не супадае з назвай у Законе
Н-24113;r11136349;Пад'езд да чыгуначнага прыпыначнага пункта "Канатопы" ад аўтамабільнай дарогі Н-8564 Вялікія Прусы – Руднае – Савічы – Заракаўцы;Подъезд к железнодорожному остановочному пункту "Конотопы" от автомобильной дороги Н-8564 Великие Прусы – Рудное – Савичи – Зараковцы;'name:ru' не супадае з назвай у Законе
Н-24130;r14417646;Пад'езд да мемарыяльнага комплексу "Масявічы" ад аўтамабільнай дарогі Н-8572 Руднікі – Язвіны – Бабоўня – Каласаўшчына;Подъезд к мемориальному комплексу "Мосевичи" от автомобильной дороги Н-8572 Рудники – Язвины – Бобовня – Колосовщина;'name:ru' не супадае з назвай у Законе
Н-24429;r14418016;Пад'езд да санаторыя "Крыніца" ад аўтамабільнай дарогі Р-28 Мінск – Маладзечна – Нарач;Подъезд к санаторию "Криница" от автомобильной дороги Р-28 Минск – Молодечно – Нарочь;'name:ru' не супадае з назвай у Законе
Н-24605;r14417496;Пад'езд да садаводчага таварыства "Інструментальшчык" ад аўтамабільнай дарогі Н-9342 Рудзенск – Наваполле – Карма;Подъезд к садоводческому товариществу "Инструментальщик" от автомобильной дороги Н-9342 Руденск – Новополье – Корма;'name:ru' не супадае з назвай у Законе
Н-24607;r14417389;Пад'езд да садаводчага таварыства "Маліннікі" ад аўтамабільнай дарогі Н-9342 Рудзенск – Наваполле – Карма;Подъезд к садоводческому товариществу "Малинники" от автомобильной дороги Н-9342 Руденск – Новополье – Корма;'name:ru' не супадае з назвай у Законе
Н-24614;r14416500;Пад'езд да садаводчага таварыства "Будаўнік" ад аўтамабільнай дарогі Н-9342 Рудзенск – Наваполле – Карма;Подъезд к садоводческому товариществу "Строитель" от автомобильной дороги Н-9342 Руденск – Новополье – Корма;'name:ru' не супадае з назвай у Законе
Н-24717;r14416498;Пад'езд да садаводчага таварыства "Тарфянік" ад аўтамабільнай дарогі Р-69 Смалявічы – Смілавічы – Праўдзінскі – Шацк;Подъезд к садоводческому товариществу "Торфяник" от автомобильной дороги Р-69 Смолевичи – Смиловичи – Правдинский – Шацк;'name:ru' не супадае з назвай у Законе
Н-24819;r14416494;Пад'езд да садаводчага таварыства "Захацінава" ад аўтамабільнай дарогі Р-23 Мінск – Мікашэвічы;Подъезд к садоводческому товариществу "Захотиново" от автомобильной дороги Р-23 Минск – Микашевичи;'name:ru' не супадае з назвай у Законе
Н-24839;r14417886;Пад'езд да санаторыя "Сонейка" ад аўтамабільнай дарогі Р-91 Асіповічы – Баранавічы;Подъезд к санаторию "Солнышко" от автомобильной дороги Р-91 Осиповичи – Барановичи;'name:ru' не супадае з назвай у Законе
Н-24844;r14416473;Пад'езд да ваеннага гарадка "Шышчыцы" ад аўтамабільнай дарогі Р-91 Асіповічы – Баранавічы;Подъезд к военному городку "Шищицы" от автомобильной дороги Р-91 Осиповичи – Барановичи;'name:ru' не супадае з назвай у Законе
