Рэспубліканскія аўтамабільныя дарогі;Р-133,;r15681301,;не злучаны з сеткай
Рэспубліканскія аўтамабільныя дарогі;Р-144,;r2786083,;не злучаны з сеткай
Рэспубліканскія аўтамабільныя дарогі;Р-90,;r2789721,;не злучаны з сеткай
Рэспубліканскія аўтамабільныя дарогі;Р-60,;r2630830,;не злучаны з сеткай
Рэспубліканскія аўтамабільныя дарогі;Р-42,;r158335,;не злучаны з сеткай
Рэспубліканскія аўтамабільныя дарогі;М-6/П 5,;r1060331,;не злучаны з сеткай
Мясцовыя аўтамабільныя дарогі;М-6/П 5,Н-6023,Н-6024,Н-6025,Н-6029,Н-6031,Н-6035,Н-6041,Н-6042,Н-6043,Н-6044,Н-6047,Н-6049,Н-6054,Н-6055,Н-6200,Н-6453,Н-6461,Н-6472,Н-6505,Н-6507,Н-6510,Н-6511,Н-6512,Н-6513,Н-6514,Н-6516,Н-6517,Н-6518,Н-6519,Н-6535,Н-6536,Н-6537,Н-6539,Н-6540,Н-6541,Н-6542,Н-6543,Н-6544,Н-6545,Н-6546,Н-6547,Н-6604,Н-6605,Н-6608,Н-6616,Н-6672,Н-6723,Н-6725,Н-6754,Н-6883,Н-6955,Н-6958,Н-6973,Н-6975,Н-6976,Н-7281,Н-7282,Н-7283,Н-7284,Н-7285,Н-7286,Н-7298,Н-7306,Н-7796,Н-20251,Н-20379,Н-20387,Н-20388,Н-20389,Н-20390,Н-20606,;r1060331,r4230906,r12574059,r12579325,r4230922,r332539,r3417398,r4230914,r4230881,r2811740,r332540,r4230893,r4230918,r216141,r3406309,r4230890,r158319,r14103646,r12599728,r12756563,r4230895,r4230892,r4230888,r4230896,r4230894,r4230874,r4230879,r12604144,r158318,r158324,r4230878,r4230905,r4230875,r4230900,r4230917,r4230921,r4230891,r4230898,r4230877,r4230880,r4230882,r12608379,r14103645,r12710493,r4230876,r12788964,r12710490,r4230884,r12714367,r4230901,r4230886,r4230883,r4230908,r4230920,r4230913,r3804700,r12721007,r4230912,r4230904,r4230899,r4230897,r4230911,r12730298,r12730297,r4230923,r12734118,r4230909,r3832267,r12748743,r12748742,r12748741,r12752497,;не злучаны з сеткай
Мясцовыя аўтамабільныя дарогі;Н-9845,Н-9886,Н-9890,Н-9899,Н-22033,Н-22034,Н-22035,Н-22036,Н-22037,Н-23457,;r14417894,r14417584,r14417582,r14417583,r15621723,r15621714,r15621741,r15621725,r15621722,r15621742,;не злучаны з сеткай
Мясцовыя аўтамабільныя дарогі;Н-10080,Н-10091,Н-10098,Н-10105,Н-10111,Н-10129,;r14422695,r14422409,r14422408,r14422985,r14422427,r14422978,;не злучаны з сеткай
Мясцовыя аўтамабільныя дарогі;Н-9272,Н-9274,Н-9275,Н-9276,Н-9277,Н-9287,;r14417732,r14417579,r14417534,r14417580,r14417121,r14417767,;не злучаны з сеткай
Мясцовыя аўтамабільныя дарогі;Н-2702,Н-2709,Н-2712,Н-2732,Н-2735,Н-2737,;r14422571,r14408003,r14408805,r14408004,r14409282,r14408006,;не злучаны з сеткай
Мясцовыя аўтамабільныя дарогі;Н-2303,Н-2350,Н-2351,Н-2352,Н-2358,;r14408830,r14408972,r14408385,r14408001,r14408382,;не злучаны з сеткай
Мясцовыя аўтамабільныя дарогі;Н-8224,Н-8226,Н-8227,Н-8228,;r14417764,r14417181,r14416722,r14416486,;не злучаны з сеткай
Мясцовыя аўтамабільныя дарогі;Н-4114,Н-4117,Н-4123,Н-4145,;r14412686,r14412770,r14412555,r14412772,;не злучаны з сеткай
Мясцовыя аўтамабільныя дарогі;Н-11015,Н-11027,Н-11048,;r14422710,r14422708,r14422707,;не злучаны з сеткай
Мясцовыя аўтамабільныя дарогі;Н-9349,Н-9388,Н-9407,;r14417345,r14417365,r14417201,;не злучаны з сеткай
Мясцовыя аўтамабільныя дарогі;Н-4178,Н-4205,Н-4206,;r14412957,r14412958,r14412464,;не злучаны з сеткай
Мясцовыя аўтамабільныя дарогі;Н-4327,Н-4344,Н-4346,;r14412939,r1760329,r14412640,;не злучаны з сеткай
Мясцовыя аўтамабільныя дарогі;Н-4367,Н-4373,Н-4374,;r14412637,r14412684,r14412644,;не злучаны з сеткай
Мясцовыя аўтамабільныя дарогі;Н-3608,Н-3630,Н-3644,;r14408522,r14408521,r14409246,;не злучаны з сеткай
Мясцовыя аўтамабільныя дарогі;Н-3600,Н-3627,Н-3637,;r14409086,r14408777,r14408378,;не злучаны з сеткай
Мясцовыя аўтамабільныя дарогі;Н-3226,Н-3227,Н-3229,;r14408257,r14408256,r14407979,;не злучаны з сеткай
Мясцовыя аўтамабільныя дарогі;Н-8112,Н-8148,;r9642681,r14417991,;не злучаны з сеткай
Мясцовыя аўтамабільныя дарогі;Н-4627,Н-4644,;r11136710,r11136725,;не злучаны з сеткай
Мясцовыя аўтамабільныя дарогі;Н-2043,Н-2062,;r11136213,r11136231,;не злучаны з сеткай
Мясцовыя аўтамабільныя дарогі;Н-11353,Н-11360,;r14422925,r14422414,;не злучаны з сеткай
Мясцовыя аўтамабільныя дарогі;Н-11221,Н-11224,;r14422649,r14422582,;не злучаны з сеткай
Мясцовыя аўтамабільныя дарогі;Н-9059,Н-9086,;r14417613,r14417934,;не злучаны з сеткай
Мясцовыя аўтамабільныя дарогі;Н-9913,Н-9915,;r14417439,r14417441,;не злучаны з сеткай
Мясцовыя аўтамабільныя дарогі;Н-9955,Н-9972,;r14417430,r14417304,;не злучаны з сеткай
Мясцовыя аўтамабільныя дарогі;Н-5019,Н-5021,;r14412925,r14412665,;не злучаны з сеткай
Мясцовыя аўтамабільныя дарогі;Н-4402,Н-4406,;r14412871,r14412662,;не злучаны з сеткай
Мясцовыя аўтамабільныя дарогі;Н-4803,Н-4825,;r14412705,r14412718,;не злучаны з сеткай
Мясцовыя аўтамабільныя дарогі;Н-4195,Н-4201,;r4178439,r14412668,;не злучаны з сеткай
Мясцовыя аўтамабільныя дарогі;Н-3350,Н-3385,;r14409129,r14409130,;не злучаны з сеткай
Мясцовыя аўтамабільныя дарогі;Н-3325,Н-3375,;r14408997,r14409007,;не злучаны з сеткай
Мясцовыя аўтамабільныя дарогі;Н-3314,Н-3387,;r14408635,r14408104,;не злучаны з сеткай
Мясцовыя аўтамабільныя дарогі;Н-3063,Н-17018,;r14408537,r14408054,;не злучаны з сеткай
Мясцовыя аўтамабільныя дарогі;Н-3266,Н-3293,;r14407980,r14408328,;не злучаны з сеткай
Мясцовыя аўтамабільныя дарогі;Н-24941,;r15621733,;не злучаны з сеткай
Мясцовыя аўтамабільныя дарогі;Н-7889,;r15055065,;не злучаны з сеткай
Мясцовыя аўтамабільныя дарогі;Н-20061,;r14661306,;не злучаны з сеткай
Мясцовыя аўтамабільныя дарогі;Н-20456,;r14582756,;не злучаны з сеткай
Мясцовыя аўтамабільныя дарогі;Н-10536,;r11136554,;не злучаны з сеткай
Мясцовыя аўтамабільныя дарогі;Н-10538,;r11136557,;не злучаны з сеткай
Мясцовыя аўтамабільныя дарогі;Н-10549,;r11136566,;не злучаны з сеткай
Мясцовыя аўтамабільныя дарогі;Н-9912,;r11136358,;не злучаны з сеткай
Мясцовыя аўтамабільныя дарогі;Н-9604,;r11136365,;не злучаны з сеткай
Мясцовыя аўтамабільныя дарогі;Н-6892,;r12662310,;не злучаны з сеткай
Мясцовыя аўтамабільныя дарогі;Н-4574,;r11136656,;не злучаны з сеткай
Мясцовыя аўтамабільныя дарогі;Н-4593,;r11136671,;не злучаны з сеткай
Мясцовыя аўтамабільныя дарогі;Н-4625,;r11136708,;не злучаны з сеткай
Мясцовыя аўтамабільныя дарогі;Н-4626,;r11136709,;не злучаны з сеткай
Мясцовыя аўтамабільныя дарогі;Н-4639,;r11136720,;не злучаны з сеткай
Мясцовыя аўтамабільныя дарогі;Н-4641,;r11136722,;не злучаны з сеткай
Мясцовыя аўтамабільныя дарогі;Н-4646,;r11136727,;не злучаны з сеткай
Мясцовыя аўтамабільныя дарогі;Н-4654,;r11136735,;не злучаны з сеткай
Мясцовыя аўтамабільныя дарогі;Н-4660,;r11136740,;не злучаны з сеткай
Мясцовыя аўтамабільныя дарогі;Н-4664,;r11136744,;не злучаны з сеткай
Мясцовыя аўтамабільныя дарогі;Н-4668,;r11136748,;не злучаны з сеткай
Мясцовыя аўтамабільныя дарогі;Н-4673,;r11136752,;не злучаны з сеткай
Мясцовыя аўтамабільныя дарогі;Н-2053,;r11136222,;не злучаны з сеткай
Мясцовыя аўтамабільныя дарогі;Н-2067,;r11136236,;не злучаны з сеткай
Мясцовыя аўтамабільныя дарогі;Н-153,;r11136435,;не злучаны з сеткай
Мясцовыя аўтамабільныя дарогі;Н-501,;r11136483,;не злучаны з сеткай
Мясцовыя аўтамабільныя дарогі;Н-10124,;r14422986,;не злучаны з сеткай
Мясцовыя аўтамабільныя дарогі;Н-11024,;r14422941,;не злучаны з сеткай
Мясцовыя аўтамабільныя дарогі;Н-11351,;r14422924,;не злучаны з сеткай
Мясцовыя аўтамабільныя дарогі;Н-10029,;r14422845,;не злучаны з сеткай
Мясцовыя аўтамабільныя дарогі;Н-11606,;r14422841,;не злучаны з сеткай
Мясцовыя аўтамабільныя дарогі;Н-11216,;r14422575,;не злучаны з сеткай
Мясцовыя аўтамабільныя дарогі;Н-10028,;r14422527,;не злучаны з сеткай
Мясцовыя аўтамабільныя дарогі;Н-10366,;r14422512,;не злучаны з сеткай
Мясцовыя аўтамабільныя дарогі;Н-11026,;r14422456,;не злучаны з сеткай
Мясцовыя аўтамабільныя дарогі;Н-11288,;r14422423,;не злучаны з сеткай
Мясцовыя аўтамабільныя дарогі;Н-10621,;r14422415,;не злучаны з сеткай
Мясцовыя аўтамабільныя дарогі;Н-10076,;r14422407,;не злучаны з сеткай
Мясцовыя аўтамабільныя дарогі;Н-10088,;r14422361,;не злучаны з сеткай
Мясцовыя аўтамабільныя дарогі;Н-11044,;r14422360,;не злучаны з сеткай
Мясцовыя аўтамабільныя дарогі;Н-9067,;r14418019,;не злучаны з сеткай
Мясцовыя аўтамабільныя дарогі;Н-9523,;r14417887,;не злучаны з сеткай
Мясцовыя аўтамабільныя дарогі;Н-9211,;r14417731,;не злучаны з сеткай
Мясцовыя аўтамабільныя дарогі;Н-23162,;r14417612,;не злучаны з сеткай
Мясцовыя аўтамабільныя дарогі;Н-9813,;r14417528,;не злучаны з сеткай
Мясцовыя аўтамабільныя дарогі;Н-8978,;r14417521,;не злучаны з сеткай
Мясцовыя аўтамабільныя дарогі;Н-9085,;r14417473,;не злучаны з сеткай
Мясцовыя аўтамабільныя дарогі;Н-8289,;r14417470,;не злучаны з сеткай
Мясцовыя аўтамабільныя дарогі;Н-9968,;r14417440,;не злучаны з сеткай
Мясцовыя аўтамабільныя дарогі;Н-9662,;r14417413,;не злучаны з сеткай
Мясцовыя аўтамабільныя дарогі;Н-8229,;r14417404,;не злучаны з сеткай
Мясцовыя аўтамабільныя дарогі;Н-8003,;r14417395,;не злучаны з сеткай
Мясцовыя аўтамабільныя дарогі;Н-9982,;r14417360,;не злучаны з сеткай
Мясцовыя аўтамабільныя дарогі;Н-8048,;r14417350,;не злучаны з сеткай
Мясцовыя аўтамабільныя дарогі;Н-8316,;r14417312,;не злучаны з сеткай
Мясцовыя аўтамабільныя дарогі;Н-8997,;r14417267,;не злучаны з сеткай
Мясцовыя аўтамабільныя дарогі;Н-8974,;r14417264,;не злучаны з сеткай
Мясцовыя аўтамабільныя дарогі;Н-8836,;r14417253,;не злучаны з сеткай
Мясцовыя аўтамабільныя дарогі;Н-8427,;r14417244,;не злучаны з сеткай
Мясцовыя аўтамабільныя дарогі;Н-9784,;r14417239,;не злучаны з сеткай
Мясцовыя аўтамабільныя дарогі;Н-8225,;r14417183,;не злучаны з сеткай
Мясцовыя аўтамабільныя дарогі;Н-8223,;r14417169,;не злучаны з сеткай
Мясцовыя аўтамабільныя дарогі;Н-22507,;r14417149,;не злучаны з сеткай
Мясцовыя аўтамабільныя дарогі;Н-22137,;r14417116,;не злучаны з сеткай
Мясцовыя аўтамабільныя дарогі;Н-8815,;r14417038,;не злучаны з сеткай
Мясцовыя аўтамабільныя дарогі;Н-9445,;r14416954,;не злучаны з сеткай
Мясцовыя аўтамабільныя дарогі;Н-8505,;r14416901,;не злучаны з сеткай
Мясцовыя аўтамабільныя дарогі;Н-8711,;r14416847,;не злучаны з сеткай
Мясцовыя аўтамабільныя дарогі;Н-9208,;r14416827,;не злучаны з сеткай
Мясцовыя аўтамабільныя дарогі;Н-8026,;r14416800,;не злучаны з сеткай
Мясцовыя аўтамабільныя дарогі;Н-8059,;r14416759,;не злучаны з сеткай
Мясцовыя аўтамабільныя дарогі;Н-22145,;r14416664,;не злучаны з сеткай
Мясцовыя аўтамабільныя дарогі;Н-8321,;r14416646,;не злучаны з сеткай
Мясцовыя аўтамабільныя дарогі;Н-9660,;r14416632,;не злучаны з сеткай
Мясцовыя аўтамабільныя дарогі;Н-8801,;r14416630,;не злучаны з сеткай
Мясцовыя аўтамабільныя дарогі;Н-9317,;r14416620,;не злучаны з сеткай
Мясцовыя аўтамабільныя дарогі;Н-23165,;r14416578,;не злучаны з сеткай
Мясцовыя аўтамабільныя дарогі;Н-9205,;r14416569,;не злучаны з сеткай
Мясцовыя аўтамабільныя дарогі;Н-9278,;r14416546,;не злучаны з сеткай
Мясцовыя аўтамабільныя дарогі;Н-9080,;r14416529,;не злучаны з сеткай
Мясцовыя аўтамабільныя дарогі;Н-8363,;r14416504,;не злучаны з сеткай
Мясцовыя аўтамабільныя дарогі;Н-9285,;r14416501,;не злучаны з сеткай
Мясцовыя аўтамабільныя дарогі;Н-8987,;r14416463,;не злучаны з сеткай
Мясцовыя аўтамабільныя дарогі;Н-23175,;r14416385,;не злучаны з сеткай
Мясцовыя аўтамабільныя дарогі;Н-9409,;r14416373,;не злучаны з сеткай
Мясцовыя аўтамабільныя дарогі;Н-4335,;r14412934,;не злучаны з сеткай
Мясцовыя аўтамабільныя дарогі;Н-4732,;r14412915,;не злучаны з сеткай
Мясцовыя аўтамабільныя дарогі;Н-4023,;r14412852,;не злучаны з сеткай
Мясцовыя аўтамабільныя дарогі;Н-4746,;r14412843,;не злучаны з сеткай
Мясцовыя аўтамабільныя дарогі;Н-4424,;r14412829,;не злучаны з сеткай
Мясцовыя аўтамабільныя дарогі;Н-4809,;r14412827,;не злучаны з сеткай
Мясцовыя аўтамабільныя дарогі;Н-4124,;r14412824,;не злучаны з сеткай
Мясцовыя аўтамабільныя дарогі;Н-4173,;r14412773,;не злучаны з сеткай
Мясцовыя аўтамабільныя дарогі;Н-4125,;r14412771,;не злучаны з сеткай
Мясцовыя аўтамабільныя дарогі;Н-4349,;r14412760,;не злучаны з сеткай
Мясцовыя аўтамабільныя дарогі;Н-4733,;r14412719,;не злучаны з сеткай
Мясцовыя аўтамабільныя дарогі;Н-4183,;r14412711,;не злучаны з сеткай
Мясцовыя аўтамабільныя дарогі;Н-4180,;r14412683,;не злучаны з сеткай
Мясцовыя аўтамабільныя дарогі;Н-4027,;r14412669,;не злучаны з сеткай
Мясцовыя аўтамабільныя дарогі;Н-4329,;r14412638,;не злучаны з сеткай
Мясцовыя аўтамабільныя дарогі;Н-4361,;r14412632,;не злучаны з сеткай
Мясцовыя аўтамабільныя дарогі;Н-4823,;r14412612,;не злучаны з сеткай
Мясцовыя аўтамабільныя дарогі;Н-4177,;r14412598,;не злучаны з сеткай
Мясцовыя аўтамабільныя дарогі;Н-4749,;r14412591,;не злучаны з сеткай
Мясцовыя аўтамабільныя дарогі;Н-4493,;r14412564,;не злучаны з сеткай
Мясцовыя аўтамабільныя дарогі;Н-4822,;r14412507,;не злучаны з сеткай
Мясцовыя аўтамабільныя дарогі;Н-4139,;r14412485,;не злучаны з сеткай
Мясцовыя аўтамабільныя дарогі;Н-4253,;r14412477,;не злучаны з сеткай
Мясцовыя аўтамабільныя дарогі;Н-4479,;r14412475,;не злучаны з сеткай
Мясцовыя аўтамабільныя дарогі;Н-4360,;r14412469,;не злучаны з сеткай
Мясцовыя аўтамабільныя дарогі;Н-2338,;r14409267,;не злучаны з сеткай
Мясцовыя аўтамабільныя дарогі;Н-2330,;r14409256,;не злучаны з сеткай
Мясцовыя аўтамабільныя дарогі;Н-3707,;r14409217,;не злучаны з сеткай
Мясцовыя аўтамабільныя дарогі;Н-2842,;r14409184,;не злучаны з сеткай
Мясцовыя аўтамабільныя дарогі;Н-3077,;r14409180,;не злучаны з сеткай
Мясцовыя аўтамабільныя дарогі;Н-2337,;r14409125,;не злучаны з сеткай
Мясцовыя аўтамабільныя дарогі;Н-3132,;r14409113,;не злучаны з сеткай
Мясцовыя аўтамабільныя дарогі;Н-2618,;r14409110,;не злучаны з сеткай
Мясцовыя аўтамабільныя дарогі;Н-2313,;r14409079,;не злучаны з сеткай
Мясцовыя аўтамабільныя дарогі;Н-3840,;r14409055,;не злучаны з сеткай
Мясцовыя аўтамабільныя дарогі;Н-3360,;r14409052,;не злучаны з сеткай
Мясцовыя аўтамабільныя дарогі;Н-2951,;r14409028,;не злучаны з сеткай
Мясцовыя аўтамабільныя дарогі;Н-2550,;r14408994,;не злучаны з сеткай
Мясцовыя аўтамабільныя дарогі;Н-3013,;r14408948,;не злучаны з сеткай
Мясцовыя аўтамабільныя дарогі;Н-2314,;r14408939,;не злучаны з сеткай
Мясцовыя аўтамабільныя дарогі;Н-2344,;r14408936,;не злучаны з сеткай
Мясцовыя аўтамабільныя дарогі;Н-3964,;r14408880,;не злучаны з сеткай
Мясцовыя аўтамабільныя дарогі;Н-2326,;r14408874,;не злучаны з сеткай
Мясцовыя аўтамабільныя дарогі;Н-3231,;r14408849,;не злучаны з сеткай
Мясцовыя аўтамабільныя дарогі;Н-3969,;r14408824,;не злучаны з сеткай
Мясцовыя аўтамабільныя дарогі;Н-2368,;r14408807,;не злучаны з сеткай
Мясцовыя аўтамабільныя дарогі;Н-2333,;r14408788,;не злучаны з сеткай
Мясцовыя аўтамабільныя дарогі;Н-15364,;r14408762,;не злучаны з сеткай
Мясцовыя аўтамабільныя дарогі;Н-3968,;r14408687,;не злучаны з сеткай
Мясцовыя аўтамабільныя дарогі;Н-3720,;r14408657,;не злучаны з сеткай
Мясцовыя аўтамабільныя дарогі;Н-3981,;r14408645,;не злучаны з сеткай
Мясцовыя аўтамабільныя дарогі;Н-3962,;r14408643,;не злучаны з сеткай
Мясцовыя аўтамабільныя дарогі;Н-2741,;r14408614,;не злучаны з сеткай
Мясцовыя аўтамабільныя дарогі;Н-2242,;r14408595,;не злучаны з сеткай
Мясцовыя аўтамабільныя дарогі;Н-3271,;r14408578,;не злучаны з сеткай
Мясцовыя аўтамабільныя дарогі;Н-3934,;r14408565,;не злучаны з сеткай
Мясцовыя аўтамабільныя дарогі;Н-3927,;r14408560,;не злучаны з сеткай
Мясцовыя аўтамабільныя дарогі;Н-2233,;r14408543,;не злучаны з сеткай
Мясцовыя аўтамабільныя дарогі;Н-2818,;r14408490,;не злучаны з сеткай
Мясцовыя аўтамабільныя дарогі;Н-2833,;r14408478,;не злучаны з сеткай
Мясцовыя аўтамабільныя дарогі;Н-2816,;r14408414,;не злучаны з сеткай
Мясцовыя аўтамабільныя дарогі;Н-3363,;r14408412,;не злучаны з сеткай
Мясцовыя аўтамабільныя дарогі;Н-3735,;r14408389,;не злучаны з сеткай
Мясцовыя аўтамабільныя дарогі;Н-2937,;r14408368,;не злучаны з сеткай
Мясцовыя аўтамабільныя дарогі;Н-3722,;r14408362,;не злучаны з сеткай
Мясцовыя аўтамабільныя дарогі;Н-3736,;r14408360,;не злучаны з сеткай
Мясцовыя аўтамабільныя дарогі;Н-3648,;r14408315,;не злучаны з сеткай
Мясцовыя аўтамабільныя дарогі;Н-2239,;r14408297,;не злучаны з сеткай
Мясцовыя аўтамабільныя дарогі;Н-3432,;r14408295,;не злучаны з сеткай
Мясцовыя аўтамабільныя дарогі;Н-2561,;r14408293,;не злучаны з сеткай
Мясцовыя аўтамабільныя дарогі;Н-2733,;r14408279,;не злучаны з сеткай
Мясцовыя аўтамабільныя дарогі;Н-2362,;r14408270,;не злучаны з сеткай
Мясцовыя аўтамабільныя дарогі;Н-2585,;r14408259,;не злучаны з сеткай
Мясцовыя аўтамабільныя дарогі;Н-3160,;r14408208,;не злучаны з сеткай
Мясцовыя аўтамабільныя дарогі;Н-3723,;r14408196,;не злучаны з сеткай
Мясцовыя аўтамабільныя дарогі;Н-3369,;r14408161,;не злучаны з сеткай
Мясцовыя аўтамабільныя дарогі;Н-3228,;r14408156,;не злучаны з сеткай
Мясцовыя аўтамабільныя дарогі;Н-3628,;r14408109,;не злучаны з сеткай
Мясцовыя аўтамабільныя дарогі;Н-3734,;r14408108,;не злучаны з сеткай
Мясцовыя аўтамабільныя дарогі;Н-3730,;r14408080,;не злучаны з сеткай
Мясцовыя аўтамабільныя дарогі;Н-3831,;r14408078,;не злучаны з сеткай
Мясцовыя аўтамабільныя дарогі;Н-3285,;r14408069,;не злучаны з сеткай
Мясцовыя аўтамабільныя дарогі;Н-2189,;r14408068,;не злучаны з сеткай
Мясцовыя аўтамабільныя дарогі;Н-2367,;r14408055,;не злучаны з сеткай
Мясцовыя аўтамабільныя дарогі;Н-3528,;r14408045,;не злучаны з сеткай
Мясцовыя аўтамабільныя дарогі;Н-2437,;r14408026,;не злучаны з сеткай
Мясцовыя аўтамабільныя дарогі;Н-2581,;r14408017,;не злучаны з сеткай
Мясцовыя аўтамабільныя дарогі;Н-3374,;r14407992,;не злучаны з сеткай
Мясцовыя аўтамабільныя дарогі;Н-3176,;r14407978,;не злучаны з сеткай
Мясцовыя аўтамабільныя дарогі;Н-65,;r14398978,;не злучаны з сеткай
Мясцовыя аўтамабільныя дарогі;Н-512,;r14398806,;не злучаны з сеткай
Мясцовыя аўтамабільныя дарогі;Н-448,;r14398768,;не злучаны з сеткай
Мясцовыя аўтамабільныя дарогі;Н-321,;r14398670,;не злучаны з сеткай
Мясцовыя аўтамабільныя дарогі;Н-128,;r14398663,;не злучаны з сеткай
Мясцовыя аўтамабільныя дарогі;Н-618,;r14398647,;не злучаны з сеткай
Мясцовыя аўтамабільныя дарогі;Н-893,;r14398619,;не злучаны з сеткай
Мясцовыя аўтамабільныя дарогі;Н-295,;r14398585,;не злучаны з сеткай
Мясцовыя аўтамабільныя дарогі;Н-56,;r14398563,;не злучаны з сеткай
Мясцовыя аўтамабільныя дарогі;Н-313,;r14398533,;не злучаны з сеткай
Мясцовыя аўтамабільныя дарогі;Н-320,;r14398531,;не злучаны з сеткай
Мясцовыя аўтамабільныя дарогі;Н-331,;r14398527,;не злучаны з сеткай
Мясцовыя аўтамабільныя дарогі;Н-97,;r14398515,;не злучаны з сеткай
Мясцовыя аўтамабільныя дарогі;Н-892,;r14398507,;не злучаны з сеткай
Мясцовыя аўтамабільныя дарогі;Н-617,;r14398445,;не злучаны з сеткай
Мясцовыя аўтамабільныя дарогі;Н-42,;r14398428,;не злучаны з сеткай
Мясцовыя аўтамабільныя дарогі;Н-67,;r14398407,;не злучаны з сеткай
Мясцовыя аўтамабільныя дарогі;Н-881,;r14398405,;не злучаны з сеткай
Мясцовыя аўтамабільныя дарогі;Н-20299,;r13887705,;не злучаны з сеткай
Мясцовыя аўтамабільныя дарогі;Н-7523,;r13628559,;не злучаны з сеткай
Мясцовыя аўтамабільныя дарогі;Н-20597,;r13080905,;не злучаны з сеткай
Мясцовыя аўтамабільныя дарогі;Н-6538,;r12604143,;не злучаны з сеткай
Мясцовыя аўтамабільныя дарогі;Н-7039,;r11970715,;не злучаны з сеткай
Мясцовыя аўтамабільныя дарогі;Н-9073,;r1831580,;не злучаны з сеткай
Мясцовыя аўтамабільныя дарогі;Н-9079,;r1831599,;не злучаны з сеткай
Мясцовыя аўтамабільныя дарогі;Н-9084,;r1831646,;не злучаны з сеткай
Мясцовыя аўтамабільныя дарогі;Н-9814,;r4148239,;не злучаны з сеткай
Мясцовыя аўтамабільныя дарогі;Н-89,;r2052251,;не злучаны з сеткай
Мясцовыя аўтамабільныя дарогі;Н-8952,;r1825188,;не злучаны з сеткай
Мясцовыя аўтамабільныя дарогі;Н-7484,;r2728009,;не злучаны з сеткай
Мясцовыя аўтамабільныя дарогі;Н-6594,;r3006086,;не злучаны з сеткай
Мясцовыя аўтамабільныя дарогі;Н-4200,;r4178440,;не злучаны з сеткай
Мясцовыя аўтамабільныя дарогі;Н-326,;r2045123,;не злучаны з сеткай
Мясцовыя аўтамабільныя дарогі;Н-25,;r2707376,;не злучаны з сеткай
Мясцовыя аўтамабільныя дарогі;Н-23176,;r1794002,;не злучаны з сеткай
